year,hist_temp,AWI_50,AWI_83,AWI_17
1850.042,-0.414,-0.029,-0.035,-0.023
1850.125,0.092,-0.029,-0.035,-0.023
1850.208,-0.256,-0.029,-0.035,-0.023
1850.292,-0.235,-0.029,-0.035,-0.023
1850.375,-0.091,-0.029,-0.034,-0.023
1850.458,0.08,-0.029,-0.034,-0.023
1850.542,0.244,-0.028,-0.034,-0.023
1850.625,0.206,-0.028,-0.034,-0.023
1850.708,-0.041,-0.028,-0.034,-0.023
1850.792,-0.212,-0.028,-0.034,-0.023
1850.875,0,-0.028,-0.034,-0.022
1850.958,-0.01,-0.028,-0.034,-0.022
1851.042,0.098,-0.028,-0.033,-0.022
1851.125,-0.062,-0.028,-0.033,-0.022
1851.208,-0.273,-0.028,-0.033,-0.022
1851.292,-0.237,-0.028,-0.033,-0.022
1851.375,0.084,-0.028,-0.033,-0.022
1851.458,0.194,-0.027,-0.033,-0.022
1851.542,0.196,-0.027,-0.033,-0.022
1851.625,0.218,-0.027,-0.033,-0.022
1851.708,0.247,-0.027,-0.033,-0.022
1851.792,0.272,-0.027,-0.032,-0.022
1851.875,0.263,-0.027,-0.032,-0.021
1851.958,0.275,-0.027,-0.032,-0.021
1852.042,-0.074,-0.027,-0.032,-0.021
1852.125,-0.153,-0.026,-0.032,-0.021
1852.208,-0.258,-0.026,-0.032,-0.021
1852.292,-0.299,-0.026,-0.031,-0.021
1852.375,0.169,-0.026,-0.031,-0.021
1852.458,0.311,-0.026,-0.031,-0.021
1852.542,0.339,-0.026,-0.031,-0.021
1852.625,0.13,-0.026,-0.031,-0.02
1852.708,0.217,-0.025,-0.031,-0.02
1852.792,0.139,-0.025,-0.03,-0.02
1852.875,0.032,-0.025,-0.03,-0.02
1852.958,0.452,-0.025,-0.03,-0.02
1853.042,0.104,-0.025,-0.03,-0.02
1853.125,-0.026,-0.025,-0.03,-0.02
1853.208,-0.066,-0.025,-0.03,-0.02
1853.292,-0.071,-0.025,-0.03,-0.02
1853.375,0.073,-0.025,-0.03,-0.02
1853.458,0.152,-0.025,-0.029,-0.02
1853.542,0.341,-0.024,-0.029,-0.02
1853.625,0.235,-0.024,-0.029,-0.02
1853.708,-0.044,-0.024,-0.029,-0.02
1853.792,-0.082,-0.024,-0.029,-0.02
1853.875,-0.102,-0.024,-0.029,-0.019
1853.958,-0.121,-0.024,-0.029,-0.019
1854.042,-0.104,-0.024,-0.029,-0.019
1854.125,-0.042,-0.024,-0.029,-0.019
1854.208,0.066,-0.024,-0.029,-0.019
1854.292,-0.014,-0.024,-0.029,-0.019
1854.375,0.015,-0.024,-0.029,-0.019
1854.458,0.033,-0.024,-0.029,-0.019
1854.542,0.14,-0.024,-0.029,-0.019
1854.625,0.225,-0.024,-0.029,-0.019
1854.708,0.253,-0.024,-0.029,-0.019
1854.792,0.24,-0.024,-0.029,-0.019
1854.875,-0.012,-0.024,-0.029,-0.019
1854.958,0.062,-0.024,-0.029,-0.019
1855.042,0.198,-0.024,-0.029,-0.019
1855.125,-0.075,-0.024,-0.029,-0.019
1855.208,-0.015,-0.024,-0.029,-0.019
1855.292,0.183,-0.024,-0.029,-0.019
1855.375,0.042,-0.024,-0.029,-0.019
1855.458,0.172,-0.024,-0.029,-0.019
1855.542,0.074,-0.024,-0.029,-0.019
1855.625,0.19,-0.024,-0.029,-0.019
1855.708,-0.029,-0.024,-0.029,-0.019
1855.792,0.103,-0.024,-0.029,-0.019
1855.875,0.078,-0.024,-0.029,-0.019
1855.958,-0.178,-0.024,-0.029,-0.019
1856.042,0.182,-0.024,-0.029,-0.019
1856.125,-0.119,-0.024,-0.029,-0.019
1856.208,-0.209,-0.024,-0.029,-0.019
1856.292,-0.056,-0.024,-0.029,-0.019
1856.375,0.132,-0.024,-0.029,-0.019
1856.458,0.119,-0.024,-0.029,-0.019
1856.542,0.054,-0.024,-0.029,-0.019
1856.625,0.03,-0.024,-0.029,-0.019
1856.708,-0.173,-0.024,-0.029,-0.019
1856.792,-0.107,-0.024,-0.029,-0.019
1856.875,-0.281,-0.024,-0.029,-0.019
1856.958,-0.124,-0.024,-0.029,-0.019
1857.042,-0.28,-0.024,-0.029,-0.019
1857.125,-0.053,-0.024,-0.029,-0.019
1857.208,-0.152,-0.024,-0.028,-0.019
1857.292,-0.399,-0.024,-0.028,-0.019
1857.375,-0.325,-0.024,-0.028,-0.019
1857.458,0.035,-0.024,-0.028,-0.019
1857.542,-0.152,-0.024,-0.028,-0.019
1857.625,0.064,-0.024,-0.028,-0.019
1857.708,-0.041,-0.023,-0.028,-0.019
1857.792,-0.134,-0.023,-0.028,-0.019
1857.875,-0.322,-0.023,-0.028,-0.019
1857.958,0.011,-0.023,-0.028,-0.019
1858.042,-0.142,-0.023,-0.028,-0.019
1858.125,-0.311,-0.023,-0.028,-0.018
1858.208,-0.213,-0.023,-0.028,-0.018
1858.292,-0.095,-0.023,-0.027,-0.018
1858.375,-0.274,-0.023,-0.027,-0.018
1858.458,-0.194,-0.023,-0.027,-0.018
1858.542,0.006,-0.023,-0.027,-0.018
1858.625,0.033,-0.023,-0.027,-0.018
1858.708,-0.03,-0.023,-0.027,-0.018
1858.792,0.104,-0.023,-0.027,-0.018
1858.875,-0.248,-0.023,-0.027,-0.018
1858.958,-0.023,-0.023,-0.027,-0.018
1859.042,-0.099,-0.023,-0.027,-0.018
1859.125,0.007,-0.023,-0.027,-0.018
1859.208,-0.061,-0.023,-0.027,-0.018
1859.292,0.174,-0.023,-0.027,-0.018
1859.375,0.051,-0.023,-0.027,-0.018
1859.458,0.083,-0.023,-0.027,-0.018
1859.542,0.009,-0.023,-0.027,-0.018
1859.625,0.165,-0.023,-0.027,-0.018
1859.708,-0.289,-0.023,-0.027,-0.018
1859.792,0.07,-0.023,-0.027,-0.018
1859.875,0.002,-0.023,-0.028,-0.018
1859.958,-0.028,-0.023,-0.028,-0.018
1860.042,0.007,-0.023,-0.028,-0.018
1860.125,-0.145,-0.023,-0.028,-0.019
1860.208,-0.485,-0.023,-0.028,-0.019
1860.292,-0.073,-0.023,-0.028,-0.019
1860.375,0.001,-0.023,-0.028,-0.019
1860.458,0.001,-0.023,-0.028,-0.019
1860.542,0.215,-0.023,-0.028,-0.019
1860.625,0.162,-0.024,-0.028,-0.019
1860.708,0.152,-0.024,-0.028,-0.019
1860.792,0.094,-0.024,-0.028,-0.019
1860.875,-0.244,-0.024,-0.028,-0.019
1860.958,-0.542,-0.024,-0.028,-0.019
1861.042,-0.68,-0.024,-0.029,-0.019
1861.125,-0.333,-0.024,-0.029,-0.019
1861.208,-0.176,-0.024,-0.029,-0.019
1861.292,-0.016,-0.024,-0.029,-0.019
1861.375,-0.369,-0.024,-0.029,-0.019
1861.458,0.087,-0.024,-0.029,-0.019
1861.542,0.017,-0.024,-0.029,-0.019
1861.625,0.253,-0.024,-0.029,-0.019
1861.708,0.01,-0.024,-0.029,-0.019
1861.792,-0.079,-0.024,-0.029,-0.019
1861.875,-0.133,-0.024,-0.029,-0.019
1861.958,-0.005,-0.024,-0.029,-0.019
1862.042,-0.508,-0.024,-0.029,-0.019
1862.125,-0.389,-0.024,-0.029,-0.019
1862.208,-0.171,-0.024,-0.029,-0.019
1862.292,-0.087,-0.024,-0.029,-0.02
1862.375,-0.007,-0.024,-0.029,-0.02
1862.458,0.007,-0.024,-0.029,-0.02
1862.542,-0.008,-0.025,-0.029,-0.02
1862.625,-0.323,-0.025,-0.029,-0.02
1862.708,-0.07,-0.025,-0.029,-0.02
1862.792,-0.115,-0.025,-0.03,-0.02
1862.875,-0.38,-0.025,-0.03,-0.02
1862.958,-0.64,-0.025,-0.03,-0.02
1863.042,0.227,-0.025,-0.03,-0.02
1863.125,0.133,-0.025,-0.03,-0.02
1863.208,-0.121,-0.025,-0.03,-0.02
1863.292,0.032,-0.025,-0.03,-0.02
1863.375,-0.014,-0.025,-0.03,-0.02
1863.458,-0.084,-0.025,-0.03,-0.02
1863.542,-0.015,-0.025,-0.03,-0.02
1863.625,-0.01,-0.025,-0.03,-0.02
1863.708,0.014,-0.025,-0.03,-0.02
1863.792,-0.092,-0.025,-0.03,-0.02
1863.875,-0.072,-0.025,-0.03,-0.02
1863.958,-0.053,-0.025,-0.03,-0.02
1864.042,-0.587,-0.025,-0.029,-0.02
1864.125,-0.312,-0.024,-0.029,-0.02
1864.208,-0.185,-0.024,-0.029,-0.02
1864.292,-0.236,-0.024,-0.029,-0.02
1864.375,-0.045,-0.024,-0.029,-0.019
1864.458,0.169,-0.024,-0.029,-0.019
1864.542,0.134,-0.024,-0.029,-0.019
1864.625,0.006,-0.024,-0.029,-0.019
1864.708,-0.127,-0.024,-0.029,-0.019
1864.792,-0.328,-0.024,-0.029,-0.019
1864.875,-0.084,-0.024,-0.029,-0.019
1864.958,-0.294,-0.024,-0.029,-0.019
1865.042,0.162,-0.024,-0.029,-0.019
1865.125,-0.217,-0.024,-0.029,-0.019
1865.208,-0.356,-0.024,-0.029,-0.019
1865.292,-0.023,-0.024,-0.029,-0.019
1865.375,0.021,-0.024,-0.029,-0.019
1865.458,0.08,-0.024,-0.029,-0.019
1865.542,0.133,-0.024,-0.029,-0.019
1865.625,0.112,-0.024,-0.029,-0.019
1865.708,0.201,-0.024,-0.028,-0.019
1865.792,0.069,-0.024,-0.028,-0.019
1865.875,0.049,-0.024,-0.028,-0.019
1865.958,-0.052,-0.024,-0.028,-0.019
1866.042,0.235,-0.024,-0.028,-0.019
1866.125,0.052,-0.024,-0.028,-0.019
1866.208,-0.254,-0.024,-0.028,-0.019
1866.292,-0.074,-0.023,-0.028,-0.019
1866.375,-0.199,-0.023,-0.028,-0.019
1866.458,0.352,-0.023,-0.028,-0.019
1866.542,0.34,-0.023,-0.028,-0.019
1866.625,0.081,-0.023,-0.028,-0.019
1866.708,0.019,-0.023,-0.028,-0.019
1866.792,-0.081,-0.023,-0.028,-0.018
1866.875,0.052,-0.023,-0.028,-0.018
1866.958,0.046,-0.023,-0.027,-0.018
1867.042,0.016,-0.023,-0.027,-0.018
1867.125,0.125,-0.023,-0.027,-0.018
1867.208,-0.377,-0.023,-0.027,-0.018
1867.292,-0.027,-0.022,-0.027,-0.018
1867.375,-0.245,-0.022,-0.027,-0.018
1867.458,-0.02,-0.022,-0.027,-0.018
1867.542,0.055,-0.022,-0.027,-0.018
1867.625,0.018,-0.022,-0.026,-0.018
1867.708,0.201,-0.022,-0.026,-0.018
1867.792,0.153,-0.022,-0.026,-0.018
1867.875,0.122,-0.022,-0.026,-0.017
1867.958,-0.168,-0.022,-0.026,-0.017
1868.042,-0.373,-0.022,-0.026,-0.017
1868.125,-0.271,-0.022,-0.026,-0.017
1868.208,0.099,-0.022,-0.026,-0.017
1868.292,-0.018,-0.021,-0.026,-0.017
1868.375,0.195,-0.021,-0.026,-0.017
1868.458,0.158,-0.021,-0.026,-0.017
1868.542,0.436,-0.021,-0.025,-0.017
1868.625,0.27,-0.021,-0.025,-0.017
1868.708,0.115,-0.021,-0.025,-0.017
1868.792,0.141,-0.021,-0.025,-0.017
1868.875,-0.089,-0.021,-0.025,-0.017
1868.958,0.185,-0.021,-0.025,-0.016
1869.042,0.035,-0.02,-0.024,-0.016
1869.125,0.486,-0.02,-0.024,-0.016
1869.208,-0.295,-0.02,-0.024,-0.016
1869.292,0.036,-0.02,-0.024,-0.016
1869.375,0.03,-0.02,-0.024,-0.016
1869.458,-0.018,-0.02,-0.024,-0.016
1869.542,-0.001,-0.02,-0.023,-0.016
1869.625,0.222,-0.019,-0.023,-0.016
1869.708,0.131,-0.019,-0.023,-0.015
1869.792,-0.003,-0.019,-0.023,-0.015
1869.875,0.027,-0.019,-0.023,-0.015
1869.958,-0.102,-0.019,-0.022,-0.015
1870.042,0.157,-0.019,-0.022,-0.015
1870.125,-0.167,-0.018,-0.022,-0.015
1870.208,-0.103,-0.018,-0.022,-0.015
1870.292,0.057,-0.018,-0.022,-0.014
1870.375,0.083,-0.018,-0.021,-0.014
1870.458,0.122,-0.018,-0.021,-0.014
1870.542,0.32,-0.017,-0.021,-0.014
1870.625,0.049,-0.017,-0.021,-0.014
1870.708,0.089,-0.017,-0.021,-0.014
1870.792,-0.053,-0.017,-0.02,-0.014
1870.875,0.077,-0.017,-0.02,-0.014
1870.958,-0.373,-0.017,-0.02,-0.013
1871.042,-0.226,-0.017,-0.02,-0.013
1871.125,-0.238,-0.017,-0.02,-0.013
1871.208,0.201,-0.016,-0.02,-0.013
1871.292,0.153,-0.016,-0.02,-0.013
1871.375,-0.022,-0.016,-0.019,-0.013
1871.458,0.105,-0.016,-0.019,-0.013
1871.542,0.293,-0.016,-0.019,-0.013
1871.625,0.114,-0.016,-0.019,-0.013
1871.708,-0.079,-0.016,-0.019,-0.013
1871.792,-0.125,-0.016,-0.019,-0.012
1871.875,-0.214,-0.015,-0.018,-0.012
1871.958,-0.181,-0.015,-0.018,-0.012
1872.042,-0.116,-0.015,-0.018,-0.012
1872.125,-0.133,-0.015,-0.018,-0.012
1872.208,-0.144,-0.015,-0.018,-0.012
1872.292,0.06,-0.015,-0.018,-0.012
1872.375,0.227,-0.015,-0.018,-0.012
1872.458,0.072,-0.015,-0.018,-0.012
1872.542,0.232,-0.014,-0.017,-0.012
1872.625,0.311,-0.014,-0.017,-0.011
1872.708,0.188,-0.014,-0.017,-0.011
1872.792,0.12,-0.014,-0.017,-0.011
1872.875,0.046,-0.014,-0.016,-0.011
1872.958,-0.164,-0.013,-0.016,-0.011
1873.042,0.196,-0.013,-0.016,-0.01
1873.125,0.021,-0.013,-0.015,-0.01
1873.208,-0.006,-0.013,-0.015,-0.01
1873.292,-0.183,-0.012,-0.015,-0.01
1873.375,-0.045,-0.012,-0.015,-0.01
1873.458,0.075,-0.012,-0.014,-0.01
1873.542,0.163,-0.012,-0.014,-0.009
1873.625,0.185,-0.012,-0.014,-0.009
1873.708,-0.03,-0.011,-0.014,-0.009
1873.792,-0.025,-0.011,-0.013,-0.009
1873.875,-0.108,-0.011,-0.013,-0.009
1873.958,0.092,-0.011,-0.013,-0.009
1874.042,0.25,-0.011,-0.013,-0.008
1874.125,-0.108,-0.01,-0.013,-0.008
1874.208,-0.298,-0.01,-0.012,-0.008
1874.292,-0.142,-0.01,-0.012,-0.008
1874.375,-0.088,-0.01,-0.012,-0.008
1874.458,-0.199,-0.01,-0.012,-0.008
1874.542,0.14,-0.009,-0.011,-0.008
1874.625,0.017,-0.009,-0.011,-0.007
1874.708,0.144,-0.009,-0.011,-0.007
1874.792,-0.12,-0.009,-0.011,-0.007
1874.875,-0.15,-0.009,-0.01,-0.007
1874.958,-0.026,-0.008,-0.01,-0.007
1875.042,-0.234,-0.008,-0.01,-0.007
1875.125,-0.221,-0.008,-0.01,-0.006
1875.208,-0.27,-0.008,-0.009,-0.006
1875.292,-0.131,-0.008,-0.009,-0.006
1875.375,0.093,-0.007,-0.009,-0.006
1875.458,0.075,-0.007,-0.009,-0.006
1875.542,0.07,-0.007,-0.008,-0.006
1875.625,0.163,-0.007,-0.008,-0.005
1875.708,0.106,-0.006,-0.008,-0.005
1875.792,0.036,-0.006,-0.007,-0.005
1875.875,-0.169,-0.006,-0.007,-0.005
1875.958,-0.204,-0.006,-0.007,-0.005
1876.042,-0.085,-0.005,-0.007,-0.004
1876.125,0.024,-0.005,-0.006,-0.004
1876.208,-0.055,-0.005,-0.006,-0.004
1876.292,-0.014,-0.005,-0.006,-0.004
1876.375,-0.218,-0.005,-0.005,-0.004
1876.458,0.026,-0.004,-0.005,-0.003
1876.542,0.239,-0.004,-0.005,-0.003
1876.625,0.087,-0.004,-0.005,-0.003
1876.708,-0.047,-0.004,-0.005,-0.003
1876.792,-0.031,-0.004,-0.004,-0.003
1876.875,-0.256,-0.004,-0.004,-0.003
1876.958,-0.354,-0.003,-0.004,-0.003
1877.042,-0.037,-0.003,-0.004,-0.003
1877.125,0.237,-0.003,-0.004,-0.003
1877.208,0.152,-0.003,-0.004,-0.002
1877.292,0.026,-0.003,-0.004,-0.002
1877.375,-0.087,-0.003,-0.003,-0.002
1877.458,0.266,-0.003,-0.003,-0.002
1877.542,0.337,-0.003,-0.003,-0.002
1877.625,0.529,-0.002,-0.003,-0.002
1877.708,0.398,-0.002,-0.003,-0.002
1877.792,0.423,-0.002,-0.002,-0.002
1877.875,0.423,-0.002,-0.002,-0.002
1877.958,0.344,-0.002,-0.002,-0.001
1878.042,0.367,-0.002,-0.002,-0.001
1878.125,0.642,-0.001,-0.002,-0.001
1878.208,0.64,-0.001,-0.001,-0.001
1878.292,0.579,-0.001,-0.001,-0.001
1878.375,0.216,-0.001,-0.001,-0.001
1878.458,0.361,-0.001,-0.001,-0.001
1878.542,0.305,-0.001,-0.001,0
1878.625,0.329,0,0,0
1878.708,0.372,0,0,0
1878.792,0.234,0,0,0
1878.875,0.162,0,0,0
1878.958,-0.01,0,0,0
1879.042,0.145,0,0,0
1879.125,0.119,0,0.001,0
1879.208,0.214,0.001,0.001,0
1879.292,0.029,0.001,0.001,0.001
1879.375,0.071,0.001,0.001,0.001
1879.458,0.046,0.001,0.001,0.001
1879.542,0.103,0.001,0.001,0.001
1879.625,0.159,0.001,0.001,0.001
1879.708,0.108,0.001,0.002,0.001
1879.792,0.218,0.001,0.002,0.001
1879.875,-0.012,0.002,0.002,0.001
1879.958,-0.198,0.002,0.002,0.001
1880.042,0.079,0.002,0.002,0.001
1880.125,0.055,0.002,0.002,0.002
1880.208,0.135,0.002,0.002,0.002
1880.292,0.1,0.002,0.003,0.002
1880.375,0.106,0.002,0.003,0.002
1880.458,0.022,0.002,0.003,0.002
1880.542,0.058,0.002,0.003,0.002
1880.625,0.176,0.003,0.003,0.002
1880.708,0.085,0.003,0.003,0.002
1880.792,-0.018,0.003,0.003,0.002
1880.875,0.005,0.003,0.003,0.002
1880.958,0.039,0.003,0.003,0.002
1881.042,0.08,0.003,0.004,0.002
1881.125,0.105,0.003,0.004,0.002
1881.208,0.185,0.003,0.004,0.003
1881.292,0.245,0.003,0.004,0.003
1881.375,0.247,0.003,0.004,0.003
1881.458,0.04,0.003,0.004,0.003
1881.542,0.159,0.004,0.004,0.003
1881.625,0.193,0.004,0.004,0.003
1881.708,0.074,0.004,0.005,0.003
1881.792,0.042,0.004,0.005,0.003
1881.875,-0.002,0.004,0.005,0.003
1881.958,0.139,0.004,0.005,0.003
1882.042,0.372,0.004,0.005,0.004
1882.125,0.308,0.005,0.005,0.004
1882.208,0.243,0.005,0.006,0.004
1882.292,0.028,0.005,0.006,0.004
1882.375,0.003,0.005,0.006,0.004
1882.458,-0.003,0.005,0.006,0.004
1882.542,0.088,0.005,0.006,0.004
1882.625,0.161,0.005,0.006,0.004
1882.708,0.179,0.005,0.006,0.004
1882.792,-0.014,0.005,0.006,0.004
1882.875,0.032,0.005,0.006,0.004
1882.958,-0.126,0.005,0.007,0.004
1883.042,-0.1,0.005,0.007,0.004
1883.125,-0.096,0.006,0.007,0.004
1883.208,0.053,0.006,0.007,0.004
1883.292,-0.02,0.006,0.007,0.005
1883.375,0.049,0.006,0.007,0.005
1883.458,0.158,0.006,0.007,0.005
1883.542,0.123,0.006,0.007,0.005
1883.625,0.105,0.006,0.007,0.005
1883.708,0.044,0.006,0.007,0.005
1883.792,0.028,0.006,0.008,0.005
1883.875,-0.01,0.007,0.008,0.005
1883.958,0.041,0.007,0.008,0.005
1884.042,-0.007,0.007,0.008,0.006
1884.125,0.094,0.007,0.009,0.006
1884.208,-0.136,0.007,0.009,0.006
1884.292,-0.177,0.007,0.009,0.006
1884.375,-0.094,0.008,0.009,0.006
1884.458,-0.112,0.008,0.009,0.006
1884.542,-0.132,0.008,0.01,0.006
1884.625,-0.071,0.008,0.01,0.007
1884.708,-0.051,0.008,0.01,0.007
1884.792,-0.017,0.008,0.01,0.007
1884.875,-0.162,0.009,0.01,0.007
1884.958,-0.069,0.009,0.01,0.007
1885.042,-0.283,0.009,0.011,0.007
1885.125,-0.096,0.009,0.011,0.007
1885.208,-0.082,0.009,0.011,0.007
1885.292,-0.178,0.009,0.011,0.007
1885.375,-0.191,0.009,0.011,0.008
1885.458,-0.197,0.01,0.012,0.008
1885.542,-0.049,0.01,0.012,0.008
1885.625,-0.1,0.01,0.012,0.008
1885.708,0,0.01,0.012,0.008
1885.792,0.057,0.01,0.012,0.008
1885.875,0.022,0.011,0.013,0.008
1885.958,0.172,0.011,0.013,0.009
1886.042,-0.106,0.011,0.013,0.009
1886.125,-0.189,0.011,0.013,0.009
1886.208,-0.145,0.011,0.014,0.009
1886.292,-0.045,0.011,0.014,0.009
1886.375,0.047,0.012,0.014,0.009
1886.458,-0.11,0.012,0.014,0.009
1886.542,0.038,0.012,0.015,0.01
1886.625,-0.031,0.012,0.015,0.01
1886.708,-0.045,0.013,0.015,0.01
1886.792,-0.033,0.013,0.016,0.011
1886.875,-0.078,0.014,0.016,0.011
1886.958,-0.047,0.014,0.017,0.011
1887.042,-0.361,0.014,0.017,0.011
1887.125,-0.282,0.015,0.017,0.012
1887.208,-0.096,0.015,0.018,0.012
1887.292,-0.083,0.015,0.018,0.012
1887.375,-0.08,0.016,0.019,0.013
1887.458,-0.049,0.016,0.019,0.013
1887.542,-0.009,0.016,0.02,0.013
1887.625,-0.086,0.017,0.02,0.013
1887.708,0.006,0.017,0.02,0.014
1887.792,-0.103,0.017,0.021,0.014
1887.875,-0.021,0.018,0.021,0.014
1887.958,-0.073,0.018,0.022,0.014
1888.042,-0.191,0.018,0.022,0.015
1888.125,-0.148,0.019,0.023,0.015
1888.208,-0.186,0.019,0.023,0.015
1888.292,0.012,0.019,0.023,0.016
1888.375,-0.006,0.02,0.024,0.016
1888.458,0.052,0.02,0.024,0.016
1888.542,0.076,0.021,0.025,0.016
1888.625,0.07,0.021,0.025,0.017
1888.708,0.112,0.021,0.025,0.017
1888.792,0.251,0.021,0.026,0.017
1888.875,0.172,0.022,0.026,0.017
1888.958,0.158,0.022,0.026,0.018
1889.042,0.154,0.022,0.027,0.018
1889.125,0.317,0.023,0.027,0.018
1889.208,0.275,0.023,0.027,0.018
1889.292,0.296,0.023,0.028,0.018
1889.375,0.194,0.023,0.028,0.019
1889.458,0.15,0.024,0.028,0.019
1889.542,0.124,0.024,0.029,0.019
1889.625,0.079,0.024,0.029,0.019
1889.708,-0.012,0.025,0.029,0.02
1889.792,0.034,0.025,0.03,0.02
1889.875,-0.078,0.025,0.03,0.02
1889.958,0.002,0.025,0.031,0.02
1890.042,-0.138,0.026,0.031,0.021
1890.125,-0.153,0.026,0.031,0.021
1890.208,-0.177,0.026,0.032,0.021
1890.292,-0.068,0.027,0.032,0.021
1890.375,-0.166,0.027,0.032,0.022
1890.458,-0.057,0.027,0.033,0.022
1890.542,-0.069,0.027,0.033,0.022
1890.625,-0.102,0.028,0.033,0.022
1890.708,-0.12,0.028,0.034,0.022
1890.792,-0.065,0.028,0.034,0.023
1890.875,-0.217,0.028,0.034,0.023
1890.958,-0.069,0.029,0.034,0.023
1891.042,-0.192,0.029,0.035,0.023
1891.125,-0.233,0.029,0.035,0.023
1891.208,0.013,0.029,0.035,0.023
1891.292,-0.065,0.03,0.036,0.024
1891.375,0.08,0.03,0.036,0.024
1891.458,0.02,0.03,0.036,0.024
1891.542,0.012,0.03,0.036,0.024
1891.625,0.026,0.031,0.037,0.024
1891.708,0.108,0.031,0.037,0.025
1891.792,0.001,0.031,0.037,0.025
1891.875,-0.165,0.031,0.038,0.025
1891.958,0.156,0.032,0.038,0.025
1892.042,-0.057,0.032,0.038,0.025
1892.125,0.132,0.032,0.039,0.026
1892.208,-0.151,0.032,0.039,0.026
1892.292,-0.155,0.033,0.039,0.026
1892.375,-0.078,0.033,0.039,0.026
1892.458,-0.075,0.033,0.04,0.027
1892.542,-0.158,0.033,0.04,0.027
1892.625,-0.096,0.034,0.04,0.027
1892.708,0.043,0.034,0.041,0.027
1892.792,0,0.034,0.041,0.027
1892.875,-0.25,0.035,0.041,0.028
1892.958,-0.325,0.035,0.042,0.028
1893.042,-0.565,0.035,0.042,0.028
1893.125,-0.372,0.035,0.042,0.028
1893.208,-0.032,0.036,0.043,0.028
1893.292,-0.149,0.036,0.043,0.029
1893.375,-0.157,0.036,0.043,0.029
1893.458,-0.067,0.036,0.044,0.029
1893.542,0.077,0.037,0.044,0.029
1893.625,0.003,0.037,0.044,0.03
1893.708,-0.039,0.037,0.045,0.03
1893.792,0.057,0.037,0.045,0.03
1893.875,0.007,0.038,0.045,0.03
1893.958,-0.079,0.038,0.045,0.03
1894.042,-0.227,0.038,0.046,0.03
1894.125,-0.062,0.038,0.046,0.031
1894.208,-0.047,0.038,0.046,0.031
1894.292,-0.141,0.039,0.046,0.031
1894.375,-0.107,0.039,0.047,0.031
1894.458,-0.167,0.039,0.047,0.031
1894.542,0.008,0.039,0.047,0.031
1894.625,-0.007,0.039,0.047,0.032
1894.708,-0.045,0.04,0.048,0.032
1894.792,-0.001,0.04,0.048,0.032
1894.875,-0.048,0.04,0.048,0.032
1894.958,-0.056,0.04,0.048,0.032
1895.042,-0.193,0.04,0.048,0.032
1895.125,-0.25,0.041,0.049,0.032
1895.208,-0.149,0.041,0.049,0.033
1895.292,-0.031,0.041,0.049,0.033
1895.375,-0.061,0.041,0.049,0.033
1895.458,-0.022,0.041,0.05,0.033
1895.542,0.032,0.041,0.05,0.033
1895.625,0.056,0.042,0.05,0.033
1895.708,0.088,0.042,0.05,0.034
1895.792,0.075,0.042,0.051,0.034
1895.875,0.078,0.042,0.051,0.034
1895.958,0.055,0.043,0.051,0.034
1896.042,0.061,0.043,0.051,0.034
1896.125,0.095,0.043,0.052,0.034
1896.208,-0.056,0.043,0.052,0.035
1896.292,-0.07,0.043,0.052,0.035
1896.375,0.075,0.044,0.052,0.035
1896.458,0.15,0.044,0.053,0.035
1896.542,0.211,0.044,0.053,0.035
1896.625,0.218,0.044,0.053,0.035
1896.708,0.213,0.044,0.053,0.035
1896.792,0.259,0.044,0.053,0.036
1896.875,0.098,0.045,0.054,0.036
1896.958,0.266,0.045,0.054,0.036
1897.042,0.082,0.045,0.054,0.036
1897.125,0.11,0.045,0.054,0.036
1897.208,0.055,0.045,0.054,0.036
1897.292,0.228,0.046,0.055,0.036
1897.375,0.234,0.046,0.055,0.037
1897.458,0.137,0.046,0.055,0.037
1897.542,0.174,0.046,0.055,0.037
1897.625,0.157,0.046,0.056,0.037
1897.708,0.177,0.047,0.056,0.037
1897.792,0.093,0.047,0.056,0.038
1897.875,-0.03,0.047,0.057,0.038
1897.958,-0.06,0.047,0.057,0.038
1898.042,0.185,0.048,0.057,0.038
1898.125,-0.09,0.048,0.058,0.038
1898.208,-0.391,0.048,0.058,0.039
1898.292,-0.166,0.049,0.058,0.039
1898.375,-0.138,0.049,0.059,0.039
1898.458,0.016,0.049,0.059,0.039
1898.542,-0.018,0.049,0.059,0.04
1898.625,0.002,0.05,0.06,0.04
1898.708,0.005,0.05,0.06,0.04
1898.792,-0.146,0.05,0.06,0.04
1898.875,-0.104,0.051,0.061,0.04
1898.958,0.001,0.051,0.061,0.041
1899.042,0.075,0.051,0.061,0.041
1899.125,-0.143,0.051,0.062,0.041
1899.208,-0.155,0.052,0.062,0.041
1899.292,-0.003,0.052,0.062,0.042
1899.375,0.03,0.052,0.063,0.042
1899.458,-0.063,0.053,0.063,0.042
1899.542,0.066,0.053,0.063,0.042
1899.625,0.186,0.053,0.064,0.042
1899.708,0.2,0.053,0.064,0.043
1899.792,0.18,0.053,0.064,0.043
1899.875,0.352,0.054,0.064,0.043
1899.958,-0.051,0.054,0.065,0.043
1900.042,-0.056,0.054,0.065,0.043
1900.125,0.181,0.054,0.065,0.043
1900.208,0.15,0.054,0.065,0.043
1900.292,0.112,0.054,0.065,0.044
1900.375,0.114,0.055,0.066,0.044
1900.458,0.154,0.055,0.066,0.044
1900.542,0.148,0.055,0.066,0.044
1900.625,0.145,0.055,0.066,0.044
1900.708,0.153,0.055,0.066,0.044
1900.792,0.298,0.055,0.066,0.044
1900.875,0.098,0.055,0.067,0.044
1900.958,0.19,0.056,0.067,0.044
1901.042,0.069,0.056,0.067,0.045
1901.125,0.132,0.056,0.067,0.045
1901.208,0.18,0.056,0.067,0.045
1901.292,0.172,0.056,0.067,0.045
1901.375,0.116,0.056,0.068,0.045
1901.458,0.139,0.056,0.068,0.045
1901.542,0.103,0.057,0.068,0.045
1901.625,0.111,0.057,0.068,0.045
1901.708,0.026,0.057,0.068,0.045
1901.792,-0.005,0.057,0.068,0.046
1901.875,0.013,0.057,0.068,0.046
1901.958,-0.064,0.057,0.069,0.046
1902.042,0.056,0.057,0.069,0.046
1902.125,0.144,0.057,0.069,0.046
1902.208,-0.067,0.057,0.069,0.046
1902.292,-0.076,0.058,0.069,0.046
1902.375,-0.081,0.058,0.069,0.046
1902.458,-0.097,0.058,0.069,0.046
1902.542,-0.033,0.058,0.07,0.046
1902.625,-0.031,0.058,0.07,0.047
1902.708,-0.004,0.058,0.07,0.047
1902.792,-0.081,0.059,0.07,0.047
1902.875,-0.165,0.059,0.071,0.047
1902.958,-0.208,0.059,0.071,0.047
1903.042,0.003,0.059,0.071,0.048
1903.125,0.162,0.06,0.072,0.048
1903.208,-0.04,0.06,0.072,0.048
1903.292,-0.163,0.06,0.072,0.048
1903.375,-0.165,0.06,0.072,0.048
1903.458,-0.198,0.061,0.073,0.049
1903.542,-0.121,0.061,0.073,0.049
1903.625,-0.228,0.061,0.073,0.049
1903.708,-0.179,0.062,0.074,0.049
1903.792,-0.256,0.062,0.074,0.05
1903.875,-0.225,0.062,0.075,0.05
1903.958,-0.247,0.063,0.075,0.05
1904.042,-0.36,0.063,0.075,0.05
1904.125,-0.301,0.063,0.076,0.051
1904.208,-0.298,0.064,0.076,0.051
1904.292,-0.251,0.064,0.077,0.051
1904.375,-0.242,0.064,0.077,0.051
1904.458,-0.211,0.065,0.077,0.052
1904.542,-0.212,0.065,0.078,0.052
1904.625,-0.189,0.065,0.078,0.052
1904.708,-0.209,0.065,0.078,0.052
1904.792,-0.151,0.065,0.078,0.052
1904.875,0.012,0.066,0.079,0.052
1904.958,-0.076,0.066,0.079,0.053
1905.042,-0.125,0.066,0.079,0.053
1905.125,-0.367,0.066,0.079,0.053
1905.208,-0.112,0.066,0.08,0.053
1905.292,-0.186,0.067,0.08,0.053
1905.375,-0.049,0.067,0.08,0.053
1905.458,-0.012,0.067,0.08,0.054
1905.542,0.011,0.067,0.081,0.054
1905.625,0.027,0.068,0.081,0.054
1905.708,0.033,0.068,0.081,0.054
1905.792,-0.021,0.068,0.082,0.054
1905.875,0.14,0.068,0.082,0.055
1905.958,0.076,0.069,0.082,0.055
1906.042,0.063,0.069,0.083,0.055
1906.125,0.009,0.069,0.083,0.055
1906.208,0.073,0.07,0.084,0.056
1906.292,0.201,0.07,0.084,0.056
1906.375,-0.006,0.07,0.084,0.056
1906.458,0.059,0.071,0.085,0.056
1906.542,0.001,0.071,0.085,0.057
1906.625,0.041,0.071,0.085,0.057
1906.708,-0.034,0.071,0.086,0.057
1906.792,0.016,0.072,0.086,0.057
1906.875,-0.103,0.072,0.087,0.058
1906.958,0.052,0.072,0.087,0.058
1907.042,-0.131,0.073,0.087,0.058
1907.125,-0.228,0.073,0.088,0.058
1907.208,-0.022,0.073,0.088,0.059
1907.292,-0.128,0.074,0.088,0.059
1907.375,-0.232,0.074,0.089,0.059
1907.458,-0.166,0.074,0.089,0.059
1907.542,-0.083,0.075,0.089,0.06
1907.625,-0.113,0.075,0.09,0.06
1907.708,-0.081,0.075,0.09,0.06
1907.792,-0.002,0.075,0.09,0.06
1907.875,-0.235,0.076,0.091,0.06
1907.958,-0.216,0.076,0.091,0.061
1908.042,-0.135,0.076,0.091,0.061
1908.125,-0.09,0.076,0.092,0.061
1908.208,-0.348,0.077,0.092,0.061
1908.292,-0.235,0.077,0.092,0.061
1908.375,-0.135,0.077,0.092,0.062
1908.458,-0.141,0.077,0.093,0.062
1908.542,-0.122,0.078,0.093,0.062
1908.625,-0.203,0.078,0.094,0.062
1908.708,-0.104,0.078,0.094,0.063
1908.792,-0.22,0.079,0.095,0.063
1908.875,-0.258,0.079,0.095,0.063
1908.958,-0.232,0.08,0.096,0.064
1909.042,-0.36,0.08,0.096,0.064
1909.125,-0.216,0.081,0.097,0.064
1909.208,-0.345,0.081,0.097,0.065
1909.292,-0.311,0.081,0.098,0.065
1909.375,-0.258,0.082,0.098,0.065
1909.458,-0.212,0.082,0.099,0.066
1909.542,-0.211,0.083,0.099,0.066
1909.625,-0.019,0.083,0.099,0.066
1909.708,-0.101,0.083,0.1,0.066
1909.792,-0.141,0.083,0.1,0.067
1909.875,-0.068,0.083,0.1,0.067
1909.958,-0.262,0.084,0.1,0.067
1910.042,-0.109,0.084,0.1,0.067
1910.125,-0.181,0.084,0.101,0.067
1910.208,-0.24,0.084,0.101,0.067
1910.292,-0.158,0.084,0.101,0.067
1910.375,-0.111,0.085,0.101,0.068
1910.458,-0.132,0.085,0.102,0.068
1910.542,-0.116,0.085,0.102,0.068
1910.625,-0.088,0.085,0.102,0.068
1910.708,-0.105,0.085,0.102,0.068
1910.792,-0.125,0.086,0.103,0.068
1910.875,-0.303,0.086,0.103,0.069
1910.958,-0.394,0.086,0.103,0.069
1911.042,-0.309,0.086,0.104,0.069
1911.125,-0.359,0.087,0.104,0.069
1911.208,-0.373,0.087,0.104,0.069
1911.292,-0.322,0.087,0.104,0.07
1911.375,-0.272,0.087,0.105,0.07
1911.458,-0.223,0.087,0.105,0.07
1911.542,-0.181,0.088,0.105,0.07
1911.625,-0.169,0.088,0.106,0.07
1911.708,-0.157,0.088,0.106,0.071
1911.792,-0.059,0.089,0.106,0.071
1911.875,0,0.089,0.107,0.071
1911.958,-0.001,0.089,0.107,0.071
1912.042,-0.028,0.09,0.108,0.072
1912.125,0.067,0.09,0.108,0.072
1912.208,-0.116,0.09,0.108,0.072
1912.292,0.02,0.091,0.109,0.073
1912.375,-0.008,0.091,0.109,0.073
1912.458,0.002,0.091,0.11,0.073
1912.542,-0.141,0.092,0.11,0.073
1912.625,-0.248,0.092,0.11,0.074
1912.708,-0.258,0.092,0.111,0.074
1912.792,-0.31,0.092,0.111,0.074
1912.875,-0.165,0.093,0.111,0.074
1912.958,-0.184,0.093,0.112,0.074
1913.042,-0.16,0.093,0.112,0.075
1913.125,-0.186,0.094,0.112,0.075
1913.208,-0.205,0.094,0.113,0.075
1913.292,-0.106,0.094,0.113,0.075
1913.375,-0.181,0.094,0.113,0.075
1913.458,-0.193,0.095,0.113,0.076
1913.542,-0.116,0.095,0.114,0.076
1913.625,-0.07,0.095,0.114,0.076
1913.708,-0.1,0.096,0.115,0.076
1913.792,-0.075,0.096,0.115,0.077
1913.875,0.068,0.096,0.116,0.077
1913.958,0.161,0.097,0.116,0.077
1914.042,0.276,0.097,0.116,0.078
1914.125,0.113,0.097,0.117,0.078
1914.208,-0.008,0.098,0.117,0.078
1914.292,-0.049,0.098,0.118,0.078
1914.375,0.043,0.098,0.118,0.079
1914.458,0.027,0.099,0.119,0.079
1914.542,0.002,0.099,0.119,0.079
1914.625,0.114,0.1,0.12,0.08
1914.708,0.086,0.1,0.12,0.08
1914.792,0.186,0.101,0.121,0.08
1914.875,0.107,0.101,0.121,0.081
1914.958,0.131,0.101,0.122,0.081
1915.042,0.108,0.102,0.122,0.081
1915.125,0.218,0.102,0.123,0.082
1915.208,0.136,0.103,0.123,0.082
1915.292,0.271,0.103,0.124,0.082
1915.375,0.183,0.103,0.124,0.083
1915.458,0.106,0.104,0.125,0.083
1915.542,0.181,0.104,0.125,0.083
1915.625,0.194,0.105,0.126,0.084
1915.708,0.149,0.105,0.126,0.084
1915.792,0.039,0.106,0.127,0.085
1915.875,0.176,0.106,0.128,0.085
1915.958,0.081,0.107,0.128,0.085
1916.042,0.077,0.107,0.129,0.086
1916.125,0.105,0.108,0.129,0.086
1916.208,-0.069,0.108,0.13,0.087
1916.292,-0.01,0.109,0.13,0.087
1916.375,-0.029,0.109,0.131,0.087
1916.458,-0.152,0.11,0.132,0.088
1916.542,-0.06,0.11,0.132,0.088
1916.625,-0.009,0.111,0.133,0.088
1916.708,-0.026,0.111,0.133,0.089
1916.792,-0.054,0.111,0.134,0.089
1916.875,-0.21,0.112,0.134,0.089
1916.958,-0.427,0.112,0.135,0.09
1917.042,-0.33,0.112,0.135,0.09
1917.125,-0.363,0.113,0.135,0.09
1917.208,-0.373,0.113,0.136,0.091
1917.292,-0.165,0.114,0.136,0.091
1917.375,-0.279,0.114,0.137,0.091
1917.458,-0.109,0.114,0.137,0.092
1917.542,0.093,0.115,0.138,0.092
1917.625,0.07,0.115,0.138,0.092
1917.708,0.143,0.116,0.139,0.092
1917.792,-0.084,0.116,0.139,0.093
1917.875,-0.03,0.116,0.14,0.093
1917.958,-0.374,0.117,0.14,0.093
1918.042,-0.136,0.117,0.141,0.094
1918.125,-0.139,0.117,0.141,0.094
1918.208,-0.063,0.118,0.141,0.094
1918.292,-0.172,0.118,0.142,0.095
1918.375,-0.117,0.119,0.142,0.095
1918.458,-0.033,0.119,0.143,0.095
1918.542,-0.022,0.119,0.143,0.096
1918.625,-0.002,0.12,0.144,0.096
1918.708,0.108,0.12,0.144,0.096
1918.792,0.195,0.121,0.145,0.097
1918.875,0.199,0.121,0.145,0.097
1918.958,-0.013,0.122,0.146,0.097
1919.042,0.083,0.122,0.147,0.098
1919.125,0.143,0.123,0.147,0.098
1919.208,0.003,0.123,0.148,0.098
1919.292,0.169,0.124,0.148,0.099
1919.375,0.032,0.124,0.149,0.099
1919.458,-0.006,0.124,0.149,0.1
1919.542,-0.014,0.125,0.15,0.1
1919.625,-0.01,0.125,0.15,0.1
1919.708,0.063,0.126,0.151,0.101
1919.792,0.055,0.126,0.151,0.101
1919.875,-0.159,0.127,0.152,0.101
1919.958,-0.145,0.127,0.152,0.102
1920.042,0.069,0.127,0.153,0.102
1920.125,-0.063,0.128,0.153,0.102
1920.208,0.168,0.128,0.154,0.103
1920.292,0.031,0.129,0.154,0.103
1920.375,0.055,0.129,0.155,0.103
1920.458,0.021,0.13,0.156,0.104
1920.542,0.015,0.13,0.156,0.104
1920.625,0.054,0.13,0.157,0.104
1920.708,0.12,0.131,0.157,0.105
1920.792,0.052,0.131,0.158,0.105
1920.875,0.019,0.132,0.158,0.105
1920.958,-0.131,0.132,0.159,0.106
1921.042,0.174,0.133,0.159,0.106
1921.125,0.093,0.133,0.16,0.106
1921.208,0.012,0.133,0.16,0.107
1921.292,0.028,0.134,0.161,0.107
1921.375,0.034,0.134,0.161,0.107
1921.458,0.11,0.135,0.162,0.108
1921.542,0.141,0.135,0.162,0.108
1921.625,0.037,0.135,0.162,0.108
1921.708,0.138,0.136,0.163,0.109
1921.792,0.204,0.136,0.163,0.109
1921.875,0.098,0.136,0.164,0.109
1921.958,0.125,0.137,0.164,0.109
1922.042,-0.072,0.137,0.165,0.11
1922.125,-0.07,0.137,0.165,0.11
1922.208,0.083,0.138,0.165,0.11
1922.292,0.086,0.138,0.166,0.111
1922.375,-0.064,0.138,0.166,0.111
1922.458,-0.017,0.139,0.167,0.111
1922.542,0.053,0.139,0.167,0.111
1922.625,-0.03,0.139,0.167,0.112
1922.708,-0.003,0.14,0.168,0.112
1922.792,-0.024,0.14,0.168,0.112
1922.875,0.066,0.14,0.168,0.112
1922.958,0.046,0.141,0.169,0.112
1923.042,-0.005,0.141,0.169,0.113
1923.125,-0.127,0.141,0.169,0.113
1923.208,-0.101,0.141,0.17,0.113
1923.292,-0.09,0.142,0.17,0.113
1923.375,-0.037,0.142,0.17,0.114
1923.458,0.059,0.142,0.171,0.114
1923.542,-0.032,0.142,0.171,0.114
1923.625,-0.035,0.143,0.171,0.114
1923.708,-0.001,0.143,0.172,0.114
1923.792,0.118,0.143,0.172,0.115
1923.875,0.305,0.144,0.172,0.115
1923.958,0.246,0.144,0.173,0.115
1924.042,0.001,0.144,0.173,0.115
1924.125,0.059,0.145,0.173,0.116
1924.208,0.125,0.145,0.174,0.116
1924.292,-0.004,0.145,0.174,0.116
1924.375,0.067,0.145,0.174,0.116
1924.458,0.055,0.146,0.175,0.117
1924.542,0.036,0.146,0.175,0.117
1924.625,-0.004,0.146,0.175,0.117
1924.708,0.003,0.146,0.176,0.117
1924.792,-0.026,0.147,0.176,0.117
1924.875,0.016,0.147,0.176,0.118
1924.958,-0.177,0.147,0.177,0.118
1925.042,-0.113,0.147,0.177,0.118
1925.125,-0.086,0.148,0.177,0.118
1925.208,0.032,0.148,0.178,0.118
1925.292,0.02,0.148,0.178,0.119
1925.375,0.02,0.148,0.178,0.119
1925.458,0.005,0.149,0.178,0.119
1925.542,0.051,0.149,0.179,0.119
1925.625,0.149,0.149,0.179,0.119
1925.708,0.132,0.149,0.179,0.119
1925.792,0.08,0.15,0.179,0.12
1925.875,0.297,0.15,0.18,0.12
1925.958,0.345,0.15,0.18,0.12
1926.042,0.427,0.15,0.18,0.12
1926.125,0.284,0.15,0.18,0.12
1926.208,0.317,0.151,0.181,0.12
1926.292,0.131,0.151,0.181,0.121
1926.375,0.086,0.151,0.181,0.121
1926.458,0.141,0.151,0.181,0.121
1926.542,0.073,0.151,0.182,0.121
1926.625,0.192,0.152,0.182,0.121
1926.708,0.193,0.152,0.182,0.121
1926.792,0.209,0.152,0.183,0.122
1926.875,0.211,0.152,0.183,0.122
1926.958,0.015,0.153,0.183,0.122
1927.042,0.029,0.153,0.183,0.122
1927.125,0.104,0.153,0.184,0.122
1927.208,-0.068,0.153,0.184,0.123
1927.292,0.007,0.154,0.184,0.123
1927.375,0.051,0.154,0.185,0.123
1927.458,0.05,0.154,0.185,0.123
1927.542,0.141,0.154,0.185,0.123
1927.625,0.126,0.155,0.185,0.124
1927.708,0.202,0.155,0.186,0.124
1927.792,0.298,0.155,0.186,0.124
1927.875,0.205,0.155,0.186,0.124
1927.958,-0.083,0.156,0.187,0.124
1928.042,0.248,0.156,0.187,0.125
1928.125,0.171,0.156,0.187,0.125
1928.208,-0.011,0.156,0.188,0.125
1928.292,0.029,0.157,0.188,0.125
1928.375,0.021,0.157,0.188,0.126
1928.458,-0.041,0.157,0.189,0.126
1928.542,0.118,0.157,0.189,0.126
1928.625,0.101,0.158,0.189,0.126
1928.708,0.087,0.158,0.19,0.127
1928.792,0.139,0.159,0.19,0.127
1928.875,0.182,0.159,0.191,0.127
1928.958,0.072,0.159,0.191,0.127
1929.042,-0.191,0.16,0.192,0.128
1929.125,-0.316,0.16,0.192,0.128
1929.208,-0.087,0.16,0.192,0.128
1929.292,-0.088,0.161,0.193,0.129
1929.375,-0.094,0.161,0.193,0.129
1929.458,-0.071,0.161,0.194,0.129
1929.542,-0.054,0.162,0.194,0.129
1929.625,0.056,0.162,0.194,0.13
1929.708,0.06,0.162,0.195,0.13
1929.792,0.141,0.162,0.195,0.13
1929.875,0.197,0.163,0.195,0.13
1929.958,-0.257,0.163,0.195,0.13
1930.042,-0.031,0.163,0.196,0.13
1930.125,-0.012,0.163,0.196,0.131
1930.208,0.158,0.164,0.196,0.131
1930.292,0.059,0.164,0.197,0.131
1930.375,0.067,0.164,0.197,0.131
1930.458,0.111,0.164,0.197,0.131
1930.542,0.152,0.164,0.197,0.132
1930.625,0.204,0.165,0.198,0.132
1930.708,0.203,0.165,0.198,0.132
1930.792,0.226,0.165,0.199,0.132
1930.875,0.422,0.166,0.199,0.133
1930.958,0.227,0.166,0.199,0.133
1931.042,0.207,0.166,0.2,0.133
1931.125,0.062,0.167,0.2,0.133
1931.208,0.187,0.167,0.201,0.134
1931.292,0.09,0.167,0.201,0.134
1931.375,0.094,0.168,0.201,0.134
1931.458,0.241,0.168,0.202,0.135
1931.542,0.281,0.168,0.202,0.135
1931.625,0.262,0.169,0.203,0.135
1931.708,0.247,0.169,0.203,0.135
1931.792,0.294,0.169,0.203,0.136
1931.875,0.179,0.17,0.204,0.136
1931.958,0.181,0.17,0.204,0.136
1932.042,0.414,0.17,0.205,0.136
1932.125,0.094,0.171,0.205,0.137
1932.208,0.067,0.171,0.205,0.137
1932.292,0.235,0.172,0.206,0.137
1932.375,0.116,0.172,0.206,0.137
1932.458,0.056,0.172,0.207,0.138
1932.542,0.133,0.173,0.207,0.138
1932.625,0.089,0.173,0.207,0.138
1932.708,0.235,0.173,0.208,0.139
1932.792,0.169,0.174,0.208,0.139
1932.875,0.04,0.174,0.209,0.139
1932.958,0.049,0.174,0.209,0.139
1933.042,-0.031,0.175,0.209,0.14
1933.125,-0.043,0.175,0.21,0.14
1933.208,-0.045,0.175,0.21,0.14
1933.292,0.042,0.176,0.211,0.14
1933.375,0.036,0.176,0.211,0.141
1933.458,-0.01,0.176,0.212,0.141
1933.542,0.084,0.177,0.212,0.141
1933.625,0.097,0.177,0.213,0.142
1933.708,0.038,0.178,0.213,0.142
1933.792,0.079,0.178,0.214,0.142
1933.875,-0.011,0.178,0.214,0.143
1933.958,-0.205,0.179,0.215,0.143
1934.042,0.004,0.179,0.215,0.143
1934.125,0.186,0.18,0.216,0.144
1934.208,-0.079,0.18,0.216,0.144
1934.292,0.001,0.18,0.217,0.144
1934.375,0.183,0.181,0.217,0.145
1934.458,0.207,0.181,0.218,0.145
1934.542,0.192,0.182,0.218,0.145
1934.625,0.202,0.182,0.219,0.146
1934.708,0.16,0.183,0.219,0.146
1934.792,0.22,0.183,0.22,0.146
1934.875,0.319,0.183,0.22,0.147
1934.958,0.189,0.184,0.221,0.147
1935.042,-0.019,0.184,0.221,0.147
1935.125,0.394,0.185,0.222,0.148
1935.208,0.102,0.185,0.222,0.148
1935.292,-0.018,0.185,0.223,0.148
1935.375,0.039,0.186,0.223,0.149
1935.458,0.079,0.186,0.224,0.149
1935.542,0.13,0.187,0.224,0.149
1935.625,0.124,0.187,0.224,0.15
1935.708,0.137,0.187,0.225,0.15
1935.792,0.232,0.187,0.225,0.15
1935.875,-0.012,0.188,0.225,0.15
1935.958,0.047,0.188,0.226,0.15
1936.042,-0.029,0.188,0.226,0.151
1936.125,-0.074,0.188,0.226,0.151
1936.208,0.001,0.189,0.227,0.151
1936.292,0.081,0.189,0.227,0.151
1936.375,0.118,0.189,0.227,0.151
1936.458,0.124,0.19,0.227,0.152
1936.542,0.249,0.19,0.228,0.152
1936.625,0.214,0.19,0.228,0.152
1936.708,0.198,0.19,0.229,0.152
1936.792,0.276,0.191,0.229,0.153
1936.875,0.251,0.191,0.229,0.153
1936.958,0.256,0.191,0.23,0.153
1937.042,0.147,0.192,0.23,0.153
1937.125,0.32,0.192,0.23,0.154
1937.208,0.053,0.192,0.231,0.154
1937.292,0.142,0.192,0.231,0.154
1937.375,0.216,0.193,0.231,0.154
1937.458,0.273,0.193,0.232,0.154
1937.542,0.302,0.193,0.232,0.155
1937.625,0.351,0.194,0.233,0.155
1937.708,0.407,0.194,0.233,0.155
1937.792,0.411,0.195,0.233,0.156
1937.875,0.34,0.195,0.234,0.156
1937.958,0.179,0.195,0.234,0.156
1938.042,0.291,0.196,0.235,0.157
1938.125,0.259,0.196,0.235,0.157
1938.208,0.317,0.196,0.236,0.157
1938.292,0.333,0.197,0.236,0.157
1938.375,0.192,0.197,0.237,0.158
1938.458,0.177,0.198,0.237,0.158
1938.542,0.22,0.198,0.238,0.158
1938.625,0.273,0.198,0.238,0.159
1938.708,0.329,0.199,0.238,0.159
1938.792,0.419,0.199,0.239,0.159
1938.875,0.325,0.199,0.239,0.159
1938.958,0.023,0.199,0.239,0.16
1939.042,0.175,0.2,0.24,0.16
1939.125,0.192,0.2,0.24,0.16
1939.208,0.04,0.2,0.24,0.16
1939.292,0.182,0.201,0.241,0.161
1939.375,0.254,0.201,0.241,0.161
1939.458,0.274,0.201,0.242,0.161
1939.542,0.284,0.202,0.242,0.161
1939.625,0.291,0.202,0.243,0.162
1939.708,0.258,0.202,0.243,0.162
1939.792,0.159,0.203,0.243,0.162
1939.875,0.282,0.203,0.244,0.163
1939.958,0.618,0.204,0.244,0.163
1940.042,0.189,0.204,0.245,0.163
1940.125,0.322,0.204,0.245,0.164
1940.208,0.269,0.205,0.246,0.164
1940.292,0.396,0.205,0.246,0.164
1940.375,0.32,0.206,0.247,0.165
1940.458,0.346,0.206,0.247,0.165
1940.542,0.426,0.206,0.248,0.165
1940.625,0.353,0.207,0.248,0.165
1940.708,0.42,0.207,0.248,0.166
1940.792,0.335,0.207,0.249,0.166
1940.875,0.332,0.207,0.249,0.166
1940.958,0.495,0.208,0.249,0.166
1941.042,0.34,0.208,0.25,0.166
1941.125,0.432,0.208,0.25,0.167
1941.208,0.254,0.208,0.25,0.167
1941.292,0.388,0.209,0.25,0.167
1941.375,0.375,0.209,0.251,0.167
1941.458,0.402,0.209,0.251,0.167
1941.542,0.454,0.21,0.251,0.168
1941.625,0.372,0.21,0.252,0.168
1941.708,0.241,0.21,0.252,0.168
1941.792,0.557,0.211,0.253,0.168
1941.875,0.414,0.211,0.253,0.169
1941.958,0.445,0.211,0.254,0.169
1942.042,0.531,0.212,0.254,0.169
1942.125,0.263,0.212,0.254,0.17
1942.208,0.306,0.212,0.255,0.17
1942.292,0.314,0.213,0.255,0.17
1942.375,0.338,0.213,0.256,0.17
1942.458,0.356,0.213,0.256,0.171
1942.542,0.271,0.214,0.256,0.171
1942.625,0.246,0.214,0.257,0.171
1942.708,0.29,0.214,0.257,0.171
1942.792,0.286,0.215,0.257,0.172
1942.875,0.325,0.215,0.258,0.172
1942.958,0.347,0.215,0.258,0.172
1943.042,0.169,0.215,0.259,0.172
1943.125,0.371,0.216,0.259,0.173
1943.208,0.188,0.216,0.259,0.173
1943.292,0.344,0.216,0.26,0.173
1943.375,0.321,0.217,0.26,0.173
1943.458,0.237,0.217,0.26,0.174
1943.542,0.335,0.217,0.261,0.174
1943.625,0.318,0.217,0.261,0.174
1943.708,0.326,0.218,0.261,0.174
1943.792,0.543,0.218,0.261,0.174
1943.875,0.437,0.218,0.262,0.174
1943.958,0.509,0.218,0.262,0.175
1944.042,0.604,0.219,0.262,0.175
1944.125,0.484,0.219,0.263,0.175
1944.208,0.508,0.219,0.263,0.175
1944.292,0.424,0.219,0.263,0.175
1944.375,0.431,0.22,0.263,0.176
1944.458,0.47,0.22,0.264,0.176
1944.542,0.5,0.22,0.264,0.176
1944.625,0.502,0.22,0.264,0.176
1944.708,0.574,0.22,0.265,0.176
1944.792,0.533,0.221,0.265,0.177
1944.875,0.357,0.221,0.265,0.177
1944.958,0.304,0.221,0.265,0.177
1945.042,0.342,0.221,0.265,0.177
1945.125,0.225,0.221,0.266,0.177
1945.208,0.291,0.222,0.266,0.177
1945.292,0.451,0.222,0.266,0.177
1945.375,0.282,0.222,0.266,0.178
1945.458,0.305,0.222,0.267,0.178
1945.542,0.292,0.222,0.267,0.178
1945.625,0.595,0.223,0.267,0.178
1945.708,0.46,0.223,0.267,0.178
1945.792,0.492,0.223,0.267,0.178
1945.875,0.347,0.223,0.267,0.178
1945.958,0.135,0.223,0.268,0.178
1946.042,0.402,0.223,0.268,0.178
1946.125,0.298,0.223,0.268,0.179
1946.208,0.254,0.223,0.268,0.179
1946.292,0.39,0.223,0.268,0.179
1946.375,0.202,0.224,0.268,0.179
1946.458,0.073,0.224,0.268,0.179
1946.542,0.221,0.224,0.269,0.179
1946.625,0.149,0.224,0.269,0.179
1946.708,0.247,0.224,0.269,0.179
1946.792,0.258,0.224,0.269,0.179
1946.875,0.22,0.224,0.269,0.18
1946.958,-0.053,0.225,0.27,0.18
1947.042,0.151,0.225,0.27,0.18
1947.125,0.191,0.225,0.27,0.18
1947.208,0.274,0.225,0.27,0.18
1947.292,0.331,0.225,0.27,0.18
1947.375,0.246,0.225,0.271,0.18
1947.458,0.28,0.226,0.271,0.18
1947.542,0.26,0.226,0.271,0.181
1947.625,0.217,0.226,0.271,0.181
1947.708,0.191,0.226,0.271,0.181
1947.792,0.353,0.226,0.271,0.181
1947.875,0.317,0.226,0.271,0.181
1947.958,0.12,0.226,0.271,0.181
1948.042,0.34,0.226,0.271,0.181
1948.125,0.133,0.226,0.271,0.181
1948.208,0.058,0.226,0.272,0.181
1948.292,0.195,0.226,0.272,0.181
1948.375,0.36,0.226,0.272,0.181
1948.458,0.295,0.227,0.272,0.181
1948.542,0.186,0.227,0.272,0.181
1948.625,0.24,0.227,0.272,0.181
1948.708,0.198,0.227,0.272,0.182
1948.792,0.26,0.227,0.272,0.182
1948.875,0.2,0.227,0.273,0.182
1948.958,0.048,0.227,0.273,0.182
1949.042,0.375,0.227,0.273,0.182
1949.125,0.104,0.228,0.273,0.182
1949.208,0.168,0.228,0.273,0.182
1949.292,0.23,0.228,0.274,0.182
1949.375,0.214,0.228,0.274,0.182
1949.458,0.073,0.228,0.274,0.183
1949.542,0.157,0.228,0.274,0.183
1949.625,0.208,0.228,0.274,0.183
1949.708,0.174,0.229,0.274,0.183
1949.792,0.237,0.229,0.274,0.183
1949.875,0.203,0.229,0.275,0.183
1949.958,0.078,0.229,0.275,0.183
1950.042,-0.028,0.229,0.275,0.183
1950.125,-0.007,0.229,0.275,0.183
1950.208,0.128,0.229,0.275,0.183
1950.292,0.077,0.229,0.275,0.184
1950.375,0.179,0.23,0.276,0.184
1950.458,0.219,0.23,0.276,0.184
1950.542,0.211,0.23,0.276,0.184
1950.625,0.128,0.23,0.276,0.184
1950.708,0.153,0.23,0.276,0.184
1950.792,0.115,0.23,0.277,0.184
1950.875,-0.088,0.231,0.277,0.185
1950.958,0.044,0.231,0.277,0.185
1951.042,-0.065,0.231,0.277,0.185
1951.125,-0.164,0.231,0.277,0.185
1951.208,0.037,0.231,0.278,0.185
1951.292,0.163,0.232,0.278,0.185
1951.375,0.302,0.232,0.278,0.185
1951.458,0.316,0.232,0.278,0.186
1951.542,0.332,0.232,0.279,0.186
1951.625,0.409,0.232,0.279,0.186
1951.708,0.391,0.232,0.279,0.186
1951.792,0.394,0.233,0.279,0.186
1951.875,0.274,0.233,0.279,0.186
1951.958,0.44,0.233,0.28,0.186
1952.042,0.428,0.233,0.28,0.186
1952.125,0.391,0.233,0.28,0.187
1952.208,0.165,0.233,0.28,0.187
1952.292,0.319,0.234,0.28,0.187
1952.375,0.297,0.234,0.28,0.187
1952.458,0.302,0.234,0.281,0.187
1952.542,0.361,0.234,0.281,0.187
1952.625,0.353,0.234,0.281,0.187
1952.708,0.369,0.234,0.281,0.188
1952.792,0.277,0.235,0.282,0.188
1952.875,0.135,0.235,0.282,0.188
1952.958,0.246,0.235,0.282,0.188
1953.042,0.343,0.235,0.282,0.188
1953.125,0.425,0.236,0.283,0.188
1953.208,0.376,0.236,0.283,0.189
1953.292,0.477,0.236,0.283,0.189
1953.375,0.407,0.236,0.283,0.189
1953.458,0.431,0.236,0.284,0.189
1953.542,0.331,0.237,0.284,0.189
1953.625,0.37,0.237,0.284,0.189
1953.708,0.362,0.237,0.284,0.19
1953.792,0.358,0.237,0.285,0.19
1953.875,0.233,0.237,0.285,0.19
1953.958,0.322,0.238,0.285,0.19
1954.042,0.031,0.238,0.285,0.19
1954.125,0.177,0.238,0.285,0.19
1954.208,0.132,0.238,0.286,0.19
1954.292,0.136,0.238,0.286,0.191
1954.375,0.09,0.238,0.286,0.191
1954.458,0.15,0.239,0.286,0.191
1954.542,0.12,0.239,0.287,0.191
1954.625,0.173,0.239,0.287,0.191
1954.708,0.197,0.239,0.287,0.191
1954.792,0.261,0.239,0.287,0.191
1954.875,0.336,0.239,0.287,0.192
1954.958,0.067,0.24,0.288,0.192
1955.042,0.395,0.24,0.288,0.192
1955.125,0.101,0.24,0.288,0.192
1955.208,-0.086,0.24,0.288,0.192
1955.292,0.051,0.24,0.288,0.192
1955.375,0.076,0.24,0.288,0.192
1955.458,0.158,0.241,0.289,0.192
1955.542,0.141,0.241,0.289,0.193
1955.625,0.269,0.241,0.289,0.193
1955.708,0.172,0.241,0.289,0.193
1955.792,0.177,0.241,0.29,0.193
1955.875,0.009,0.242,0.29,0.193
1955.958,-0.042,0.242,0.29,0.193
1956.042,0.077,0.242,0.29,0.194
1956.125,-0.004,0.242,0.291,0.194
1956.208,0.007,0.242,0.291,0.194
1956.292,-0.02,0.243,0.291,0.194
1956.375,-0.001,0.243,0.291,0.194
1956.458,0.09,0.243,0.292,0.194
1956.542,0.133,0.243,0.292,0.195
1956.625,0.046,0.244,0.292,0.195
1956.708,0.044,0.244,0.293,0.195
1956.792,0.046,0.244,0.293,0.195
1956.875,0.099,0.244,0.293,0.195
1956.958,0.134,0.245,0.293,0.196
1957.042,0.133,0.245,0.294,0.196
1957.125,0.173,0.245,0.294,0.196
1957.208,0.148,0.245,0.294,0.196
1957.292,0.232,0.246,0.295,0.196
1957.375,0.358,0.246,0.295,0.197
1957.458,0.409,0.246,0.295,0.197
1957.542,0.302,0.246,0.296,0.197
1957.625,0.412,0.247,0.296,0.197
1957.708,0.352,0.247,0.296,0.197
1957.792,0.293,0.247,0.296,0.198
1957.875,0.352,0.247,0.297,0.198
1957.958,0.42,0.247,0.297,0.198
1958.042,0.582,0.248,0.297,0.198
1958.125,0.472,0.248,0.297,0.198
1958.208,0.335,0.248,0.298,0.198
1958.292,0.307,0.248,0.298,0.199
1958.375,0.334,0.249,0.298,0.199
1958.458,0.24,0.249,0.298,0.199
1958.542,0.328,0.249,0.299,0.199
1958.625,0.276,0.249,0.299,0.2
1958.708,0.255,0.25,0.3,0.2
1958.792,0.315,0.25,0.3,0.2
1958.875,0.319,0.251,0.301,0.2
1958.958,0.309,0.251,0.301,0.201
1959.042,0.352,0.251,0.302,0.201
1959.125,0.315,0.252,0.302,0.201
1959.208,0.392,0.252,0.303,0.202
1959.292,0.366,0.253,0.303,0.202
1959.375,0.287,0.253,0.304,0.202
1959.458,0.336,0.253,0.304,0.203
1959.542,0.32,0.254,0.304,0.203
1959.625,0.311,0.254,0.305,0.203
1959.708,0.284,0.254,0.305,0.203
1959.792,0.249,0.255,0.305,0.204
1959.875,0.184,0.255,0.306,0.204
1959.958,0.219,0.255,0.306,0.204
1960.042,0.249,0.255,0.306,0.204
1960.125,0.406,0.256,0.307,0.204
1960.208,-0.046,0.256,0.307,0.205
1960.292,0.112,0.256,0.307,0.205
1960.375,0.163,0.256,0.308,0.205
1960.458,0.271,0.257,0.308,0.205
1960.542,0.271,0.257,0.308,0.206
1960.625,0.311,0.257,0.309,0.206
1960.708,0.351,0.257,0.309,0.206
1960.792,0.316,0.258,0.309,0.206
1960.875,0.168,0.258,0.31,0.206
1960.958,0.443,0.258,0.31,0.207
1961.042,0.329,0.259,0.31,0.207
1961.125,0.44,0.259,0.311,0.207
1961.208,0.352,0.259,0.311,0.207
1961.292,0.387,0.259,0.311,0.208
1961.375,0.393,0.26,0.312,0.208
1961.458,0.396,0.26,0.312,0.208
1961.542,0.3,0.26,0.312,0.208
1961.625,0.314,0.261,0.313,0.208
1961.708,0.291,0.261,0.313,0.209
1961.792,0.262,0.261,0.313,0.209
1961.875,0.293,0.261,0.314,0.209
1961.958,0.15,0.262,0.314,0.209
1962.042,0.336,0.262,0.314,0.209
1962.125,0.411,0.262,0.314,0.21
1962.208,0.351,0.262,0.315,0.21
1962.292,0.314,0.263,0.315,0.21
1962.375,0.243,0.263,0.315,0.21
1962.458,0.283,0.263,0.316,0.21
1962.542,0.307,0.263,0.316,0.211
1962.625,0.282,0.264,0.316,0.211
1962.708,0.285,0.264,0.317,0.211
1962.792,0.32,0.264,0.317,0.211
1962.875,0.332,0.264,0.317,0.212
1962.958,0.27,0.265,0.318,0.212
1963.042,0.255,0.265,0.318,0.212
1963.125,0.448,0.265,0.318,0.212
1963.208,0.128,0.266,0.319,0.212
1963.292,0.211,0.266,0.319,0.213
1963.375,0.244,0.266,0.319,0.213
1963.458,0.289,0.266,0.32,0.213
1963.542,0.396,0.267,0.32,0.213
1963.625,0.472,0.267,0.32,0.214
1963.708,0.453,0.267,0.321,0.214
1963.792,0.467,0.268,0.321,0.214
1963.875,0.443,0.268,0.322,0.214
1963.958,0.286,0.268,0.322,0.215
1964.042,0.218,0.269,0.322,0.215
1964.125,0.142,0.269,0.323,0.215
1964.208,0.023,0.269,0.323,0.215
1964.292,-0.008,0.269,0.323,0.216
1964.375,0.073,0.27,0.324,0.216
1964.458,0.19,0.27,0.324,0.216
1964.542,0.169,0.27,0.325,0.216
1964.625,0.056,0.271,0.325,0.217
1964.708,-0.001,0.271,0.325,0.217
1964.792,0.012,0.272,0.326,0.217
1964.875,0.042,0.272,0.326,0.218
1964.958,-0.036,0.272,0.327,0.218
1965.042,0.184,0.273,0.327,0.218
1965.125,0.062,0.273,0.328,0.219
1965.208,0.114,0.274,0.328,0.219
1965.292,0.052,0.274,0.329,0.219
1965.375,0.143,0.274,0.329,0.22
1965.458,0.174,0.275,0.33,0.22
1965.542,0.135,0.275,0.33,0.22
1965.625,0.215,0.276,0.331,0.221
1965.708,0.163,0.276,0.331,0.221
1965.792,0.262,0.276,0.332,0.221
1965.875,0.191,0.277,0.332,0.221
1965.958,0.214,0.277,0.333,0.222
1966.042,0.15,0.278,0.333,0.222
1966.125,0.215,0.278,0.334,0.222
1966.208,0.237,0.278,0.334,0.223
1966.292,0.161,0.279,0.335,0.223
1966.375,0.162,0.279,0.335,0.223
1966.458,0.302,0.28,0.336,0.224
1966.542,0.346,0.28,0.336,0.224
1966.625,0.253,0.281,0.337,0.224
1966.708,0.269,0.281,0.337,0.225
1966.792,0.171,0.282,0.338,0.225
1966.875,0.23,0.282,0.338,0.226
1966.958,0.172,0.283,0.339,0.226
1967.042,0.15,0.283,0.34,0.226
1967.125,0.046,0.283,0.34,0.227
1967.208,0.26,0.284,0.341,0.227
1967.292,0.228,0.284,0.341,0.228
1967.375,0.404,0.285,0.342,0.228
1967.458,0.223,0.285,0.342,0.228
1967.542,0.273,0.286,0.343,0.229
1967.625,0.262,0.286,0.344,0.229
1967.708,0.219,0.287,0.344,0.229
1967.792,0.367,0.287,0.345,0.23
1967.875,0.232,0.288,0.345,0.23
1967.958,0.202,0.288,0.346,0.231
1968.042,0.042,0.289,0.346,0.231
1968.125,0.099,0.289,0.347,0.231
1968.208,0.386,0.29,0.348,0.232
1968.292,0.172,0.29,0.348,0.232
1968.375,0.125,0.291,0.349,0.232
1968.458,0.211,0.291,0.349,0.233
1968.542,0.186,0.292,0.35,0.233
1968.625,0.222,0.292,0.351,0.234
1968.708,0.164,0.293,0.351,0.234
1968.792,0.337,0.293,0.352,0.235
1968.875,0.243,0.294,0.353,0.235
1968.958,0.17,0.295,0.353,0.236
1969.042,0.15,0.295,0.354,0.236
1969.125,0.134,0.296,0.355,0.237
1969.208,0.291,0.296,0.356,0.237
1969.292,0.419,0.297,0.356,0.238
1969.375,0.44,0.298,0.357,0.238
1969.458,0.332,0.298,0.358,0.239
1969.542,0.288,0.299,0.359,0.239
1969.625,0.334,0.299,0.359,0.239
1969.708,0.343,0.3,0.36,0.24
1969.792,0.357,0.3,0.361,0.24
1969.875,0.42,0.301,0.361,0.241
1969.958,0.506,0.302,0.362,0.241
1970.042,0.365,0.302,0.363,0.242
1970.125,0.451,0.303,0.363,0.242
1970.208,0.274,0.303,0.364,0.243
1970.292,0.343,0.304,0.365,0.243
1970.375,0.247,0.304,0.365,0.243
1970.458,0.272,0.305,0.366,0.244
1970.542,0.243,0.306,0.367,0.244
1970.625,0.196,0.306,0.368,0.245
1970.708,0.314,0.307,0.368,0.246
1970.792,0.271,0.308,0.369,0.246
1970.875,0.274,0.309,0.37,0.247
1970.958,0.133,0.309,0.371,0.247
1971.042,0.218,0.31,0.372,0.248
1971.125,0.038,0.311,0.373,0.249
1971.208,0.056,0.312,0.374,0.249
1971.292,0.117,0.312,0.375,0.25
1971.375,0.135,0.313,0.376,0.25
1971.458,0.094,0.314,0.377,0.251
1971.542,0.17,0.315,0.377,0.252
1971.625,0.178,0.315,0.379,0.252
1971.708,0.212,0.316,0.38,0.253
1971.792,0.18,0.317,0.381,0.254
1971.875,0.241,0.318,0.382,0.255
1971.958,0.146,0.319,0.383,0.255
1972.042,-0.03,0.32,0.384,0.256
1972.125,0.049,0.321,0.385,0.257
1972.208,0.217,0.322,0.386,0.257
1972.292,0.239,0.323,0.387,0.258
1972.375,0.229,0.323,0.388,0.259
1972.458,0.315,0.324,0.389,0.259
1972.542,0.282,0.325,0.39,0.26
1972.625,0.37,0.326,0.391,0.261
1972.708,0.27,0.327,0.393,0.262
1972.792,0.327,0.328,0.394,0.262
1972.875,0.304,0.329,0.395,0.263
1972.958,0.454,0.33,0.396,0.264
1973.042,0.474,0.331,0.397,0.265
1973.125,0.559,0.332,0.398,0.265
1973.208,0.505,0.333,0.399,0.266
1973.292,0.485,0.334,0.4,0.267
1973.375,0.448,0.335,0.401,0.268
1973.458,0.424,0.335,0.403,0.268
1973.542,0.346,0.337,0.404,0.269
1973.625,0.309,0.338,0.405,0.27
1973.708,0.301,0.339,0.406,0.271
1973.792,0.32,0.34,0.408,0.272
1973.875,0.27,0.341,0.409,0.273
1973.958,0.201,0.342,0.41,0.274
1974.042,0.01,0.343,0.412,0.275
1974.125,-0.083,0.344,0.413,0.275
1974.208,0.121,0.345,0.414,0.276
1974.292,0.134,0.346,0.416,0.277
1974.375,0.172,0.348,0.417,0.278
1974.458,0.19,0.349,0.418,0.279
1974.542,0.208,0.35,0.42,0.28
1974.625,0.306,0.351,0.421,0.281
1974.708,0.185,0.352,0.423,0.282
1974.792,0.154,0.353,0.424,0.283
1974.875,0.16,0.354,0.425,0.284
1974.958,0.105,0.356,0.427,0.285
1975.042,0.273,0.357,0.428,0.285
1975.125,0.263,0.358,0.43,0.286
1975.208,0.304,0.359,0.431,0.287
1975.292,0.269,0.36,0.432,0.288
1975.375,0.316,0.362,0.434,0.289
1975.458,0.249,0.363,0.435,0.29
1975.542,0.222,0.364,0.437,0.291
1975.625,0.108,0.365,0.438,0.292
1975.708,0.213,0.366,0.44,0.293
1975.792,0.138,0.368,0.441,0.294
1975.875,0.05,0.369,0.443,0.295
1975.958,0.055,0.37,0.444,0.296
1976.042,0.158,0.371,0.445,0.297
1976.125,0.07,0.372,0.447,0.298
1976.208,-0.052,0.374,0.448,0.299
1976.292,0.144,0.375,0.45,0.3
1976.375,0.003,0.376,0.451,0.301
1976.458,0.084,0.377,0.453,0.302
1976.542,0.157,0.379,0.454,0.303
1976.625,0.113,0.38,0.456,0.304
1976.708,0.171,0.381,0.458,0.305
1976.792,0.022,0.383,0.459,0.306
1976.875,0.173,0.384,0.461,0.307
1976.958,0.281,0.385,0.462,0.308
1977.042,0.343,0.387,0.464,0.309
1977.125,0.423,0.388,0.466,0.31
1977.208,0.441,0.389,0.467,0.311
1977.292,0.454,0.391,0.469,0.313
1977.375,0.463,0.392,0.47,0.314
1977.458,0.467,0.393,0.472,0.315
1977.542,0.416,0.395,0.474,0.316
1977.625,0.379,0.396,0.475,0.317
1977.708,0.327,0.398,0.477,0.318
1977.792,0.303,0.399,0.479,0.319
1977.875,0.446,0.4,0.481,0.32
1977.958,0.267,0.402,0.482,0.322
1978.042,0.325,0.403,0.484,0.323
1978.125,0.33,0.405,0.486,0.324
1978.208,0.387,0.406,0.487,0.325
1978.292,0.331,0.408,0.489,0.326
1978.375,0.274,0.409,0.491,0.327
1978.458,0.213,0.41,0.493,0.328
1978.542,0.274,0.412,0.494,0.329
1978.625,0.119,0.413,0.496,0.331
1978.708,0.294,0.415,0.498,0.332
1978.792,0.241,0.416,0.499,0.333
1978.875,0.408,0.418,0.501,0.334
1978.958,0.293,0.419,0.503,0.335
1979.042,0.336,0.42,0.505,0.336
1979.125,0.175,0.422,0.506,0.337
1979.208,0.378,0.423,0.508,0.339
1979.292,0.325,0.425,0.51,0.34
1979.375,0.289,0.426,0.511,0.341
1979.458,0.375,0.428,0.513,0.342
1979.542,0.329,0.429,0.515,0.343
1979.625,0.402,0.431,0.517,0.345
1979.708,0.454,0.432,0.519,0.346
1979.792,0.478,0.434,0.521,0.347
1979.875,0.503,0.435,0.522,0.348
1979.958,0.682,0.437,0.524,0.35
1980.042,0.502,0.438,0.526,0.351
1980.125,0.595,0.44,0.528,0.352
1980.208,0.463,0.442,0.53,0.353
1980.292,0.516,0.443,0.532,0.355
1980.375,0.521,0.445,0.534,0.356
1980.458,0.411,0.446,0.536,0.357
1980.542,0.461,0.448,0.537,0.358
1980.625,0.425,0.449,0.539,0.359
1980.708,0.411,0.451,0.541,0.361
1980.792,0.387,0.452,0.543,0.362
1980.875,0.511,0.454,0.544,0.363
1980.958,0.403,0.455,0.546,0.364
1981.042,0.708,0.457,0.548,0.365
1981.125,0.571,0.458,0.55,0.367
1981.208,0.61,0.46,0.552,0.368
1981.292,0.491,0.461,0.553,0.369
1981.375,0.435,0.463,0.555,0.37
1981.458,0.507,0.464,0.557,0.371
1981.542,0.501,0.465,0.559,0.372
1981.625,0.511,0.467,0.56,0.373
1981.708,0.417,0.468,0.562,0.374
1981.792,0.366,0.469,0.563,0.376
1981.875,0.438,0.471,0.565,0.377
1981.958,0.622,0.472,0.566,0.378
1982.042,0.307,0.473,0.568,0.379
1982.125,0.353,0.475,0.57,0.38
1982.208,0.205,0.476,0.571,0.381
1982.292,0.342,0.477,0.573,0.382
1982.375,0.372,0.479,0.574,0.383
1982.458,0.287,0.48,0.576,0.384
1982.542,0.348,0.481,0.578,0.385
1982.625,0.317,0.483,0.579,0.386
1982.708,0.397,0.484,0.581,0.387
1982.792,0.374,0.485,0.583,0.388
1982.875,0.356,0.487,0.584,0.389
1982.958,0.608,0.488,0.586,0.391
1983.042,0.727,0.49,0.587,0.392
1983.125,0.634,0.491,0.589,0.393
1983.208,0.579,0.492,0.591,0.394
1983.292,0.48,0.494,0.592,0.395
1983.375,0.518,0.495,0.594,0.396
1983.458,0.453,0.496,0.596,0.397
1983.542,0.449,0.498,0.597,0.398
1983.625,0.554,0.499,0.599,0.399
1983.708,0.573,0.5,0.601,0.4
1983.792,0.414,0.502,0.602,0.401
1983.875,0.584,0.503,0.604,0.403
1983.958,0.424,0.505,0.605,0.404
1984.042,0.478,0.506,0.607,0.405
1984.125,0.348,0.507,0.609,0.406
1984.208,0.442,0.509,0.61,0.407
1984.292,0.308,0.51,0.612,0.408
1984.375,0.496,0.511,0.614,0.409
1984.458,0.305,0.513,0.615,0.41
1984.542,0.332,0.514,0.617,0.411
1984.625,0.392,0.516,0.619,0.412
1984.708,0.408,0.517,0.62,0.413
1984.792,0.342,0.518,0.622,0.415
1984.875,0.258,0.52,0.623,0.416
1984.958,0.113,0.521,0.625,0.417
1985.042,0.401,0.522,0.627,0.418
1985.125,0.199,0.523,0.628,0.419
1985.208,0.351,0.525,0.63,0.42
1985.292,0.31,0.526,0.631,0.421
1985.375,0.358,0.527,0.633,0.422
1985.458,0.343,0.529,0.635,0.423
1985.542,0.255,0.53,0.636,0.424
1985.625,0.377,0.531,0.638,0.425
1985.708,0.345,0.533,0.639,0.426
1985.792,0.353,0.534,0.641,0.427
1985.875,0.306,0.536,0.643,0.428
1985.958,0.363,0.537,0.644,0.429
1986.042,0.478,0.538,0.646,0.431
1986.125,0.517,0.54,0.647,0.432
1986.208,0.447,0.541,0.649,0.433
1986.292,0.435,0.542,0.651,0.434
1986.375,0.42,0.544,0.652,0.435
1986.458,0.371,0.545,0.654,0.436
1986.542,0.345,0.546,0.656,0.437
1986.625,0.361,0.548,0.657,0.438
1986.708,0.314,0.549,0.659,0.439
1986.792,0.394,0.55,0.661,0.44
1986.875,0.343,0.552,0.662,0.441
1986.958,0.361,0.553,0.664,0.443
1987.042,0.504,0.555,0.665,0.444
1987.125,0.644,0.556,0.667,0.445
1987.208,0.38,0.557,0.669,0.446
1987.292,0.445,0.559,0.67,0.447
1987.375,0.481,0.56,0.672,0.448
1987.458,0.52,0.561,0.674,0.449
1987.542,0.642,0.563,0.675,0.45
1987.625,0.546,0.564,0.677,0.451
1987.708,0.609,0.566,0.679,0.452
1987.792,0.545,0.567,0.68,0.454
1987.875,0.512,0.568,0.682,0.455
1987.958,0.676,0.57,0.684,0.456
1988.042,0.745,0.571,0.685,0.457
1988.125,0.598,0.573,0.687,0.458
1988.208,0.656,0.574,0.689,0.459
1988.292,0.612,0.575,0.69,0.46
1988.375,0.596,0.577,0.692,0.461
1988.458,0.603,0.578,0.694,0.463
1988.542,0.541,0.579,0.695,0.464
1988.625,0.578,0.581,0.697,0.465
1988.708,0.567,0.582,0.699,0.466
1988.792,0.546,0.584,0.7,0.467
1988.875,0.373,0.585,0.702,0.468
1988.958,0.507,0.586,0.703,0.469
1989.042,0.34,0.588,0.705,0.47
1989.125,0.517,0.589,0.707,0.471
1989.208,0.506,0.59,0.708,0.472
1989.292,0.464,0.592,0.71,0.473
1989.375,0.402,0.593,0.712,0.474
1989.458,0.406,0.594,0.713,0.475
1989.542,0.531,0.596,0.715,0.476
1989.625,0.537,0.597,0.716,0.478
1989.708,0.543,0.598,0.718,0.479
1989.792,0.524,0.599,0.719,0.48
1989.875,0.42,0.601,0.721,0.481
1989.958,0.571,0.602,0.723,0.482
1990.042,0.578,0.603,0.724,0.483
1990.125,0.611,0.605,0.726,0.484
1990.208,0.92,0.606,0.727,0.485
1990.292,0.729,0.607,0.729,0.486
1990.375,0.644,0.609,0.73,0.487
1990.458,0.612,0.61,0.732,0.488
1990.542,0.61,0.611,0.733,0.489
1990.625,0.555,0.612,0.735,0.49
1990.708,0.516,0.614,0.736,0.491
1990.792,0.668,0.615,0.738,0.492
1990.875,0.67,0.616,0.739,0.493
1990.958,0.599,0.617,0.741,0.494
1991.042,0.622,0.618,0.742,0.495
1991.125,0.67,0.62,0.744,0.496
1991.208,0.546,0.621,0.745,0.497
1991.292,0.722,0.622,0.746,0.498
1991.375,0.615,0.623,0.748,0.499
1991.458,0.694,0.624,0.749,0.5
1991.542,0.69,0.626,0.751,0.501
1991.625,0.622,0.627,0.752,0.502
1991.708,0.64,0.628,0.754,0.503
1991.792,0.538,0.629,0.755,0.504
1991.875,0.53,0.631,0.757,0.505
1991.958,0.5,0.632,0.758,0.506
1992.042,0.674,0.633,0.76,0.507
1992.125,0.633,0.634,0.761,0.508
1992.208,0.628,0.636,0.763,0.509
1992.292,0.469,0.637,0.764,0.51
1992.375,0.522,0.638,0.766,0.511
1992.458,0.478,0.639,0.767,0.512
1992.542,0.337,0.641,0.769,0.512
1992.625,0.338,0.642,0.77,0.513
1992.708,0.254,0.643,0.771,0.514
1992.792,0.315,0.644,0.772,0.515
1992.875,0.272,0.645,0.774,0.516
1992.958,0.426,0.646,0.775,0.517
1993.042,0.607,0.647,0.776,0.517
1993.125,0.588,0.648,0.777,0.518
1993.208,0.576,0.649,0.779,0.519
1993.292,0.483,0.65,0.78,0.52
1993.375,0.51,0.651,0.781,0.521
1993.458,0.498,0.652,0.782,0.521
1993.542,0.476,0.653,0.783,0.522
1993.625,0.403,0.654,0.785,0.523
1993.708,0.388,0.655,0.786,0.524
1993.792,0.465,0.656,0.787,0.525
1993.875,0.316,0.657,0.788,0.525
1993.958,0.431,0.658,0.789,0.526
1994.042,0.496,0.659,0.79,0.527
1994.125,0.271,0.66,0.792,0.528
1994.208,0.525,0.661,0.793,0.529
1994.292,0.571,0.662,0.794,0.529
1994.375,0.561,0.663,0.795,0.53
1994.458,0.624,0.664,0.796,0.531
1994.542,0.529,0.665,0.798,0.532
1994.625,0.496,0.666,0.799,0.532
1994.708,0.538,0.667,0.8,0.533
1994.792,0.662,0.668,0.801,0.534
1994.875,0.671,0.669,0.802,0.535
1994.958,0.567,0.67,0.804,0.536
1995.042,0.731,0.671,0.805,0.537
1995.125,0.935,0.672,0.806,0.537
1995.208,0.652,0.673,0.807,0.538
1995.292,0.651,0.674,0.808,0.539
1995.375,0.526,0.675,0.81,0.54
1995.458,0.658,0.676,0.811,0.541
1995.542,0.693,0.677,0.812,0.541
1995.625,0.708,0.678,0.813,0.542
1995.708,0.589,0.679,0.815,0.543
1995.792,0.689,0.68,0.816,0.544
1995.875,0.676,0.681,0.817,0.545
1995.958,0.49,0.682,0.818,0.545
1996.042,0.468,0.683,0.819,0.546
1996.125,0.684,0.684,0.821,0.547
1996.208,0.535,0.685,0.822,0.548
1996.292,0.511,0.686,0.823,0.549
1996.375,0.542,0.687,0.824,0.55
1996.458,0.498,0.688,0.826,0.55
1996.542,0.581,0.689,0.827,0.551
1996.625,0.615,0.69,0.828,0.552
1996.708,0.484,0.691,0.829,0.553
1996.792,0.452,0.692,0.831,0.554
1996.875,0.559,0.693,0.832,0.555
1996.958,0.594,0.694,0.833,0.556
1997.042,0.548,0.695,0.835,0.556
1997.125,0.613,0.696,0.836,0.557
1997.208,0.695,0.698,0.837,0.558
1997.292,0.621,0.699,0.838,0.559
1997.375,0.607,0.7,0.84,0.56
1997.458,0.765,0.701,0.841,0.561
1997.542,0.663,0.702,0.842,0.561
1997.625,0.726,0.703,0.843,0.562
1997.708,0.798,0.704,0.845,0.563
1997.792,0.88,0.705,0.846,0.564
1997.875,0.855,0.706,0.847,0.565
1997.958,0.814,0.707,0.849,0.566
1998.042,0.808,0.708,0.85,0.567
1998.125,1.076,0.709,0.851,0.567
1998.208,0.856,0.71,0.852,0.568
1998.292,0.927,0.711,0.854,0.569
1998.375,0.906,0.712,0.855,0.57
1998.458,0.943,0.714,0.856,0.571
1998.542,0.966,0.715,0.858,0.572
1998.625,0.923,0.716,0.859,0.573
1998.708,0.71,0.717,0.86,0.574
1998.792,0.716,0.718,0.862,0.574
1998.875,0.675,0.719,0.863,0.575
1998.958,0.79,0.72,0.864,0.576
1999.042,0.689,0.722,0.866,0.577
1999.125,0.883,0.723,0.867,0.578
1999.208,0.554,0.724,0.869,0.579
1999.292,0.611,0.725,0.87,0.58
1999.375,0.564,0.726,0.871,0.581
1999.458,0.615,0.727,0.873,0.582
1999.542,0.615,0.728,0.874,0.583
1999.625,0.57,0.73,0.875,0.584
1999.708,0.631,0.731,0.877,0.585
1999.792,0.605,0.732,0.878,0.586
1999.875,0.601,0.733,0.88,0.586
1999.958,0.689,0.734,0.881,0.587
2000.042,0.517,0.735,0.882,0.588
2000.125,0.772,0.736,0.884,0.589
2000.208,0.744,0.738,0.885,0.59
2000.292,0.804,0.739,0.887,0.591
2000.375,0.614,0.74,0.888,0.592
2000.458,0.627,0.741,0.889,0.593
2000.542,0.624,0.742,0.891,0.594
2000.625,0.679,0.743,0.892,0.595
2000.708,0.653,0.744,0.893,0.595
2000.792,0.532,0.745,0.895,0.596
2000.875,0.53,0.746,0.896,0.597
2000.958,0.506,0.748,0.897,0.598
2001.042,0.673,0.749,0.898,0.599
2001.125,0.652,0.75,0.9,0.6
2001.208,0.814,0.751,0.901,0.601
2001.292,0.76,0.752,0.902,0.601
2001.375,0.776,0.753,0.904,0.602
2001.458,0.754,0.754,0.905,0.603
2001.542,0.804,0.755,0.906,0.604
2001.625,0.796,0.756,0.908,0.605
2001.708,0.77,0.758,0.909,0.606
2001.792,0.749,0.759,0.911,0.607
2001.875,0.955,0.76,0.912,0.608
2001.958,0.759,0.761,0.914,0.609
2002.042,0.954,0.763,0.915,0.61
2002.125,0.982,0.764,0.917,0.611
2002.208,1.059,0.765,0.918,0.612
2002.292,0.792,0.766,0.919,0.613
2002.375,0.804,0.767,0.921,0.614
2002.458,0.793,0.769,0.922,0.615
2002.542,0.85,0.77,0.924,0.616
2002.625,0.783,0.771,0.925,0.617
2002.708,0.808,0.772,0.927,0.618
2002.792,0.772,0.773,0.928,0.619
2002.875,0.807,0.775,0.93,0.62
2002.958,0.658,0.776,0.931,0.621
2003.042,0.938,0.777,0.933,0.622
2003.125,0.779,0.778,0.934,0.623
2003.208,0.783,0.78,0.935,0.624
2003.292,0.77,0.781,0.937,0.625
2003.375,0.814,0.782,0.938,0.626
2003.458,0.745,0.783,0.94,0.626
2003.542,0.784,0.784,0.941,0.628
2003.625,0.885,0.786,0.943,0.629
2003.708,0.882,0.787,0.944,0.63
2003.792,0.969,0.788,0.946,0.631
2003.875,0.791,0.79,0.948,0.632
2003.958,0.941,0.791,0.949,0.633
2004.042,0.822,0.792,0.951,0.634
2004.125,0.934,0.794,0.952,0.635
2004.208,0.858,0.795,0.954,0.636
2004.292,0.818,0.796,0.956,0.637
2004.375,0.643,0.798,0.957,0.638
2004.458,0.656,0.799,0.959,0.639
2004.542,0.613,0.8,0.96,0.64
2004.625,0.725,0.802,0.962,0.641
2004.708,0.761,0.803,0.964,0.642
2004.792,0.843,0.804,0.965,0.643
2004.875,0.953,0.806,0.967,0.645
2004.958,0.708,0.807,0.968,0.646
2005.042,0.902,0.808,0.97,0.647
2005.125,0.766,0.81,0.972,0.648
2005.208,0.915,0.811,0.973,0.649
2005.292,0.93,0.812,0.975,0.65
2005.375,0.858,0.814,0.977,0.651
2005.458,0.879,0.815,0.978,0.652
2005.542,0.875,0.817,0.98,0.653
2005.625,0.868,0.818,0.982,0.654
2005.708,0.947,0.819,0.983,0.655
2005.792,0.975,0.821,0.985,0.657
2005.875,0.961,0.822,0.986,0.658
2005.958,0.852,0.823,0.988,0.659
2006.042,0.747,0.825,0.99,0.66
2006.125,0.901,0.826,0.991,0.661
2006.208,0.812,0.828,0.993,0.662
2006.292,0.735,0.829,0.995,0.663
2006.375,0.732,0.83,0.996,0.664
2006.458,0.853,0.832,0.998,0.665
2006.542,0.793,0.833,1,0.666
2006.625,0.901,0.834,1.001,0.668
2006.708,0.85,0.836,1.003,0.669
2006.792,0.916,0.837,1.005,0.67
2006.875,0.909,0.839,1.006,0.671
2006.958,0.986,0.84,1.008,0.672
2007.042,1.152,0.841,1.01,0.673
2007.125,0.908,0.843,1.011,0.674
2007.208,0.871,0.844,1.013,0.675
2007.292,0.954,0.846,1.015,0.677
2007.375,0.834,0.847,1.016,0.678
2007.458,0.785,0.848,1.018,0.679
2007.542,0.81,0.85,1.02,0.68
2007.625,0.804,0.851,1.022,0.681
2007.708,0.811,0.853,1.023,0.682
2007.792,0.818,0.854,1.025,0.683
2007.875,0.778,0.856,1.027,0.685
2007.958,0.687,0.857,1.029,0.686
2008.042,0.48,0.859,1.031,0.687
2008.125,0.57,0.86,1.032,0.688
2008.208,0.921,0.862,1.034,0.689
2008.292,0.705,0.863,1.036,0.691
2008.375,0.7,0.865,1.038,0.692
2008.458,0.699,0.866,1.039,0.693
2008.542,0.814,0.868,1.041,0.694
2008.625,0.738,0.869,1.043,0.695
2008.708,0.799,0.87,1.044,0.696
2008.792,0.89,0.872,1.046,0.697
2008.875,0.89,0.873,1.048,0.698
2008.958,0.746,0.874,1.049,0.699
2009.042,0.834,0.876,1.051,0.701
2009.125,0.758,0.877,1.052,0.702
2009.208,0.737,0.878,1.054,0.703
2009.292,0.831,0.88,1.056,0.704
2009.375,0.815,0.881,1.057,0.705
2009.458,0.893,0.882,1.059,0.706
2009.542,0.917,0.884,1.061,0.707
2009.625,0.914,0.885,1.062,0.708
2009.708,0.927,0.887,1.064,0.709
2009.792,0.879,0.888,1.066,0.71
2009.875,0.942,0.89,1.067,0.712
2009.958,0.857,0.891,1.069,0.713
2010.042,0.933,0.892,1.071,0.714
2010.125,0.98,0.894,1.073,0.715
2010.208,1.079,0.895,1.074,0.716
2010.292,1.06,0.897,1.076,0.717
2010.375,0.957,0.898,1.078,0.719
2010.458,0.907,0.9,1.08,0.72
2010.542,0.908,0.901,1.081,0.721
2010.625,0.878,0.902,1.083,0.722
2010.708,0.815,0.904,1.085,0.723
2010.792,0.891,0.905,1.086,0.724
2010.875,0.994,0.907,1.088,0.725
2010.958,0.69,0.908,1.09,0.726
2011.042,0.697,0.909,1.091,0.727
2011.125,0.695,0.911,1.093,0.729
2011.208,0.801,0.912,1.095,0.73
2011.292,0.844,0.913,1.096,0.731
2011.375,0.738,0.915,1.098,0.732
2011.458,0.83,0.916,1.099,0.733
2011.542,0.893,0.918,1.101,0.734
2011.625,0.894,0.919,1.103,0.735
2011.708,0.802,0.921,1.105,0.737
2011.792,0.85,0.922,1.107,0.738
2011.875,0.748,0.924,1.109,0.739
2011.958,0.752,0.925,1.11,0.74
2012.042,0.652,0.927,1.112,0.742
2012.125,0.667,0.928,1.114,0.743
2012.208,0.721,0.93,1.116,0.744
2012.292,0.911,0.932,1.118,0.745
2012.375,0.933,0.933,1.12,0.746
2012.458,0.888,0.935,1.122,0.748
2012.542,0.828,0.936,1.123,0.749
2012.625,0.871,0.938,1.125,0.75
2012.708,0.926,0.94,1.127,0.752
2012.792,0.959,0.941,1.129,0.753
2012.875,0.954,0.943,1.131,0.754
2012.958,0.68,0.944,1.133,0.756
2013.042,0.838,0.946,1.135,0.757
2013.125,0.797,0.948,1.137,0.758
2013.208,0.811,0.949,1.139,0.759
2013.292,0.774,0.951,1.141,0.761
2013.375,0.846,0.953,1.143,0.762
2013.458,0.871,0.954,1.145,0.763
2013.542,0.851,0.956,1.147,0.765
2013.625,0.892,0.958,1.149,0.766
2013.708,0.949,0.959,1.151,0.767
2013.792,0.897,0.961,1.153,0.769
2013.875,1.031,0.963,1.155,0.77
2013.958,0.876,0.964,1.157,0.771
2014.042,0.913,0.966,1.159,0.773
2014.125,0.699,0.968,1.161,0.774
2014.208,0.949,0.969,1.163,0.775
2014.292,1,0.971,1.165,0.777
2014.375,1.009,0.973,1.167,0.778
2014.458,0.934,0.974,1.169,0.78
2014.542,0.86,0.976,1.171,0.781
2014.625,1.029,0.978,1.173,0.782
2014.708,1.029,0.98,1.176,0.784
2014.792,1.021,0.981,1.178,0.785
2014.875,0.886,0.983,1.18,0.786
2014.958,0.995,0.985,1.182,0.788
2015.042,1.028,0.987,1.184,0.789
2015.125,1.057,0.988,1.186,0.791
2015.208,1.076,0.99,1.188,0.792
2015.292,0.981,0.992,1.19,0.793
2015.375,1.018,0.994,1.192,0.795
2015.458,1.053,0.995,1.194,0.796
2015.542,1,0.997,1.197,0.798
2015.625,1.056,0.999,1.199,0.799
2015.708,1.109,1.001,1.201,0.801
2015.792,1.252,1.003,1.204,0.802
2015.875,1.221,1.005,1.206,0.804
2015.958,1.325,1.007,1.208,0.806
2016.042,1.322,1.009,1.211,0.807
2016.125,1.476,1.011,1.213,0.809
2016.208,1.457,1.013,1.215,0.81
2016.292,1.281,1.015,1.218,0.812
2016.375,1.091,1.017,1.22,0.813
2016.458,1.059,1.019,1.223,0.815
2016.542,1.072,1.021,1.225,0.817
2016.625,1.174,1.023,1.227,0.818
2016.708,1.093,1.025,1.23,0.82
2016.792,1.039,1.027,1.232,0.821
2016.875,1.032,1.029,1.234,0.823
2016.958,1.013,1.031,1.237,0.824
2017.042,1.135,1.033,1.239,0.826
2017.125,1.238,1.035,1.241,0.828
2017.208,1.264,1.036,1.244,0.829
2017.292,1.105,1.038,1.246,0.831
2017.375,1.045,1.04,1.249,0.832
2017.458,0.954,1.042,1.251,0.834
2017.542,1.018,1.044,1.253,0.835
2017.625,1.062,1.046,1.256,0.837
2017.708,0.941,1.048,1.258,0.839
2017.792,0.996,1.05,1.26,0.84
2017.875,0.994,1.052,1.263,0.842
2017.958,1.013,1.054,1.265,0.843